ticker,note
SPYM,seeded recurring ETF
UPRO,seeded recurring ETF
QLD,seeded recurring ETF
TQQQ,seeded recurring ETF
IBIT,seeded recurring crypto ETF
ETHA,seeded recurring crypto ETF
GDXU,seeded recurring metals ETF
FCX,seeded recurring miner
SPCX,seeded recurring ETF
HOOD,seeded recurring stock
PURR,seeded recurring stock
RBRK,seeded recurring stock
TEM,seeded recurring stock
PLTR,seeded recurring stock
HPE,seeded recurring stock
OKTA,seeded recurring stock
CF,seeded recurring stock
MU,seeded recurring stock
ARKG,seeded recurring ETF
GLD,seeded recurring ETF
SLV,seeded recurring ETF
RDDT,seeded recurring stock
GOOGL,seeded recurring stock
INTC,seeded recurring stock
MRVL,seeded recurring stock
NBIS,seeded recurring stock
DELL,seeded recurring stock
ARM,seeded recurring stock
GEV,seeded recurring stock
SNDK,seeded recurring stock
