portfolio,action_date,sequence,action_type,ticker,source_file,action_context,raw_fragment,parsed_percent_text,parsed_percent_value,action_status,parse_basis
GRO,2022-12-27,1,ADD,LLY,revere_20221227.png,BUY 2% FCX & 5% DIA ADD 10% T-BILLS,10% T-BILLS,10%,10,review,ambiguous_percent_multi_ticker
GRO,2022-12-27,1,ADD,TBT,revere_20221227.png,BUY 2% FCX & 5% DIA ADD 10% T-BILLS,10% T-BILLS,10%,10,review,ambiguous_percent_multi_ticker
GRO,2026-03-19,1,TRIM,IO,revere_20260319.png,"TRIM 6L0 EEE UNO HOLOINGS: SPYM,BE, TER FSEV, SE, [NE TREO RVAB/REBAR: (0 13/-2.34%)",[NE TREO RVAB/REBAR: (0 13/-2.34%),2.34%,2.34,review,ambiguous_percent_multi_ticker
GRO,2026-03-19,1,TRIM,NE,revere_20260319.png,"TRIM 6L0 EEE UNO HOLOINGS: SPYM,BE, TER FSEV, SE, [NE TREO RVAB/REBAR: (0 13/-2.34%)",[NE TREO RVAB/REBAR: (0 13/-2.34%),2.34%,2.34,review,ambiguous_percent_multi_ticker
GRO,2026-03-19,1,TRIM,O,revere_20260319.png,"TRIM 6L0 EEE UNO HOLOINGS: SPYM,BE, TER FSEV, SE, [NE TREO RVAB/REBAR: (0 13/-2.34%)",[NE TREO RVAB/REBAR: (0 13/-2.34%),2.34%,2.34,review,ambiguous_percent_multi_ticker
GRO,2026-03-19,1,TRIM,TREO,revere_20260319.png,"TRIM 6L0 EEE UNO HOLOINGS: SPYM,BE, TER FSEV, SE, [NE TREO RVAB/REBAR: (0 13/-2.34%)",[NE TREO RVAB/REBAR: (0 13/-2.34%),2.34%,2.34,review,ambiguous_percent_multi_ticker
GRO,2026-03-26,1,ADD,B,revere_20260326.png,SELL NET TRIM FSLY ADD TO HEDGE SDS TUREO WOLOINGS: [I VER. FS. B+ TURBO RVAB/REBAR: (+ : //-2.49%) BUY AVS,TO HEDGE SDS TUREO WOLOINGS: [I VER. FS. B+ TURBO RVAB/REBAR: (+ : //-2.49%),2.49%,2.49,review,ambiguous_percent_multi_ticker
GRO,2026-03-26,1,ADD,FS,revere_20260326.png,SELL NET TRIM FSLY ADD TO HEDGE SDS TUREO WOLOINGS: [I VER. FS. B+ TURBO RVAB/REBAR: (+ : //-2.49%) BUY AVS,TO HEDGE SDS TUREO WOLOINGS: [I VER. FS. B+ TURBO RVAB/REBAR: (+ : //-2.49%),2.49%,2.49,review,ambiguous_percent_multi_ticker
GRO,2026-03-26,1,ADD,HEDGE,revere_20260326.png,SELL NET TRIM FSLY ADD TO HEDGE SDS TUREO WOLOINGS: [I VER. FS. B+ TURBO RVAB/REBAR: (+ : //-2.49%) BUY AVS,TO HEDGE SDS TUREO WOLOINGS: [I VER. FS. B+ TURBO RVAB/REBAR: (+ : //-2.49%),2.49%,2.49,review,ambiguous_percent_multi_ticker
GRO,2026-03-26,1,ADD,I,revere_20260326.png,SELL NET TRIM FSLY ADD TO HEDGE SDS TUREO WOLOINGS: [I VER. FS. B+ TURBO RVAB/REBAR: (+ : //-2.49%) BUY AVS,TO HEDGE SDS TUREO WOLOINGS: [I VER. FS. B+ TURBO RVAB/REBAR: (+ : //-2.49%),2.49%,2.49,review,ambiguous_percent_multi_ticker
GRO,2026-03-26,1,ADD,INGD,revere_20260326.png,SELL NET TRIM FSLY ADD TO HEDGE SDS TUREO WOLOINGS: [I VER. FS. B+ TURBO RVAB/REBAR: (+ : //-2.49%) BUY AVS,TO HEDGE SDS TUREO WOLOINGS: [I VER. FS. B+ TURBO RVAB/REBAR: (+ : //-2.49%),2.49%,2.49,review,ambiguous_percent_multi_ticker
GRO,2026-03-26,1,ADD,SDS,revere_20260326.png,SELL NET TRIM FSLY ADD TO HEDGE SDS TUREO WOLOINGS: [I VER. FS. B+ TURBO RVAB/REBAR: (+ : //-2.49%) BUY AVS,TO HEDGE SDS TUREO WOLOINGS: [I VER. FS. B+ TURBO RVAB/REBAR: (+ : //-2.49%),2.49%,2.49,review,ambiguous_percent_multi_ticker
GRO,2026-03-26,1,ADD,TUREO,revere_20260326.png,SELL NET TRIM FSLY ADD TO HEDGE SDS TUREO WOLOINGS: [I VER. FS. B+ TURBO RVAB/REBAR: (+ : //-2.49%) BUY AVS,TO HEDGE SDS TUREO WOLOINGS: [I VER. FS. B+ TURBO RVAB/REBAR: (+ : //-2.49%),2.49%,2.49,review,ambiguous_percent_multi_ticker
GRO,2026-03-26,1,ADD,VER,revere_20260326.png,SELL NET TRIM FSLY ADD TO HEDGE SDS TUREO WOLOINGS: [I VER. FS. B+ TURBO RVAB/REBAR: (+ : //-2.49%) BUY AVS,TO HEDGE SDS TUREO WOLOINGS: [I VER. FS. B+ TURBO RVAB/REBAR: (+ : //-2.49%),2.49%,2.49,review,ambiguous_percent_multi_ticker
GRO,2026-03-26,1,ADD,WOLF,revere_20260326.png,SELL NET TRIM FSLY ADD TO HEDGE SDS TUREO WOLOINGS: [I VER. FS. B+ TURBO RVAB/REBAR: (+ : //-2.49%) BUY AVS,TO HEDGE SDS TUREO WOLOINGS: [I VER. FS. B+ TURBO RVAB/REBAR: (+ : //-2.49%),2.49%,2.49,review,ambiguous_percent_multi_ticker
TURBO,2026-08-25,1,BUY,,revere_20260825.png,BUY FIG BUY/SELL HNGE,/,,,review,missing_ticker
GRO,2026-08-28,1,ADD,,revere_20260828.png,ADD TO PLTR ADD/TRIM FROG SELL NVDA TRIM PICK,/,,,review,missing_ticker
