portfolio,as_of_date,estimated_equity_index,curve_status,open_positions,cash_weight,weighted_exposure,priced_positions,unpriced_positions,observed_metric_scalar,observed_metric_1,observed_metric_2
GRO,2022-09-22,1,baseline,12,0,1,12,0,,0.28,0.00
GRO,2022-11-29,0.964854,partial_price_data,11,0.106059,0.893941,9,2,,0.73,0.55
GRO,2022-12-27,0.898523,partial_price_data,12,0.093888,0.906112,10,2,,0.79,05
GRO,2023-02-01,0.921608,partial_price_data,13,0.014613,0.985387,11,2,,1.12,1.03
GRO,2023-02-27,0.902586,partial_price_data,14,0,1,12,2,0.80,,
GRO,2023-03-16,0.898223,partial_price_data,14,0,1,12,2,,0.27,0
GRO,2023-03-22,0.89749,partial_price_data,14,0,1,12,2,,0.91,0.71
GRO,2023-05-09,0.931148,partial_price_data,15,0,1,13,2,1,,
GRO,2023-06-30,1.024523,partial_price_data,16,0,1,14,2,,2.17,2.12
GRO,2023-07-13,1.046427,partial_price_data,16,0,1,14,2,,2.31,2.31
GRO,2023-08-23,1.001081,partial_price_data,16,0,1,14,2,,0.83,0.94
GRO,2023-10-30,0.938376,partial_price_data,17,0,1,15,2,,0.21,0.05
GRO,2023-11-28,1.053999,partial_price_data,17,0,1,15,2,1.83,,
GRO,2024-03-01,1.186226,partial_price_data,19,0,1,17,2,,1.51,1.63
GRO,2024-04-16,1.156345,partial_price_data,19,0,1,17,2,0.47,,
GRO,2024-05-17,1.242408,partial_price_data,21,0,1,19,2,,1.40,1.44
GRO,2024-06-13,1.25532,partial_price_data,22,0,1,20,2,,1.60,1.67
GRO,2024-07-10,1.274059,partial_price_data,22,0,1,20,2,,1.33,1.22
GRO,2024-07-25,1.209362,partial_price_data,23,0,1,21,2,,,
GRO,2024-08-23,1.227226,partial_price_data,25,0,1,23,2,,1.42,1.43
GRO,2024-09-25,1.251739,partial_price_data,26,0,1,24,2,,1.76,1
GRO,2024-09-25,1.251739,partial_price_data,26,0,1,24,2,,1.76,70
GRO,2024-12-02,1.419618,partial_price_data,27,0,1,25,2,,1.91,1.94
GRO,2024-12-07,1.436618,partial_price_data,27,0,1,25,2,,1.67,1.81
GRO,2025-01-03,1.365606,partial_price_data,31,0,1,29,2,1.37,,
GRO,2025-01-30,1.43743,partial_price_data,32,0,1,30,2,1.30,,
GRO,2025-02-10,1.463919,partial_price_data,33,0,1,31,2,1.39,,
GRO,2025-02-27,1.299531,partial_price_data,33,0,1,31,2,1.68,,
GRO,2025-03-12,1.188644,partial_price_data,33,0,1,31,2,79,,
GRO,2025-03-25,1.265826,partial_price_data,43,0,1,41,2,2.90,,
GRO,2025-04-17,1.155345,partial_price_data,43,0,1,37,6,0.29,,
GRO,2025-06-06,1.365447,partial_price_data,48,0,1,42,6,1.15,,
GRO,2025-07-14,1.458512,partial_price_data,49,0,1,42,7,1.1,,
GRO,2025-07-16,1.449322,partial_price_data,48,0.031157,0.968843,41,7,1.25,,
GRO,2025-08-27,1.455297,partial_price_data,48,0.031029,0.968971,41,7,1,,
GRO,2025-09-03,1.444137,partial_price_data,49,0.010861,0.989139,42,7,1.25,,
GRO,2025-09-04,1.454829,partial_price_data,49,0.010781,0.989219,42,7,1,,
GRO,2025-09-05,1.450525,partial_price_data,49,0.010813,0.989187,42,7,1,,
GRO,2025-09-12,1.483787,partial_price_data,49,0.01057,0.98943,42,7,1.40,,
GRO,2025-09-26,1.502527,partial_price_data,50,0,1,43,7,1.38,,
GRO,2025-10-09,1.594036,partial_price_data,50,0,1,43,7,1.38,,
GRO,2025-10-13,1.58089,partial_price_data,50,0,1,43,7,1.13,,
GRO,2025-10-15,1.584564,partial_price_data,50,0,1,43,7,1.22,,
GRO,2025-10-16,1.556365,partial_price_data,49,0.021948,0.978052,42,7,1,,
GRO,2025-10-20,1.566217,partial_price_data,49,0.02181,0.97819,42,7,2.43,,
GRO,2025-10-29,1.575162,partial_price_data,50,0.001686,0.998314,43,7,1.16,,
GRO,2025-10-30,1.537265,partial_price_data,50,0.001728,0.998272,43,7,1.16,,
GRO,2025-10-31,1.560819,partial_price_data,51,0,1,44,7,1.36,,
GRO,2025-11-04,1.503335,partial_price_data,51,0,1,44,7,1.3,,
GRO,2025-11-05,1.512767,partial_price_data,52,0,1,45,7,1.26,,
GRO,2025-11-19,1.417153,partial_price_data,52,0,1,45,7,3.03,,
GRO,2025-12-30,1.462553,partial_price_data,52,0,1,45,7,1.34,,
GRO,2025-12-31,1.44901,partial_price_data,52,0,1,45,7,1.33,,
GRO,2026-01-02,1.47233,partial_price_data,51,0.022072,0.977928,44,7,1.04,,
GRO,2026-01-05,1.5028,partial_price_data,51,0.021624,0.978376,44,7,1.41,,
GRO,2026-01-06,1.519319,partial_price_data,53,0,1,46,7,1,,
GRO,2026-01-07,1.506075,partial_price_data,53,0,1,46,7,1.51,,
GRO,2026-01-08,1.493863,partial_price_data,54,0,1,47,7,1.58,,
GRO,2026-01-09,1.512482,partial_price_data,54,0,1,47,7,1.66,,
GRO,2026-01-12,1.520528,partial_price_data,56,0,1,49,7,73,,
GRO,2026-01-12,1.520528,partial_price_data,56,0,1,49,7,1,,
GRO,2026-01-14,1.521741,partial_price_data,56,0,1,49,7,1.67,,
GRO,2026-01-15,1.522852,partial_price_data,56,0,1,49,7,70,,
GRO,2026-01-16,1.522381,partial_price_data,58,0,1,51,7,1.43,,
GRO,2026-01-22,1.510507,partial_price_data,60,0,1,51,9,1,,
GRO,2026-01-23,1.500113,partial_price_data,60,0,1,51,9,54,,
GRO,2026-01-26,1.490757,partial_price_data,60,0,1,51,9,0,,
GRO,2026-01-27,1.504956,partial_price_data,60,0,1,51,9,1.56,,
GRO,2026-01-28,1.506202,partial_price_data,60,0,1,51,9,1,,
GRO,2026-01-29,1.491014,partial_price_data,60,0,1,51,9,6,,
GRO,2026-01-30,1.462458,partial_price_data,60,0,1,51,9,1.09,,
GRO,2026-02-02,1.465387,partial_price_data,60,0,1,51,9,5.20,,
GRO,2026-02-03,1.480536,partial_price_data,59,0.017522,0.982478,50,9,1.12,,
GRO,2026-02-04,1.448607,partial_price_data,59,0.017908,0.982092,50,9,0.86,,
GRO,2026-02-05,1.404828,partial_price_data,59,0.018466,0.981534,50,9,,1,3
GRO,2026-02-06,1.461826,partial_price_data,59,0.017746,0.982254,50,9,0.115,,
GRO,2026-02-09,1.48055,partial_price_data,59,0.017521,0.982479,50,9,5,,
GRO,2026-02-10,1.47297,partial_price_data,59,0.017612,0.982388,50,9,1.50,,
GRO,2026-02-11,1.480846,partial_price_data,68,0,1,59,9,,,
GRO,2026-02-12,1.445115,partial_price_data,67,0.01421,0.98579,51,16,1,,
GRO,2026-02-13,1.462347,partial_price_data,65,0.05173,0.94827,49,16,1,,
GRO,2026-02-17,1.467283,partial_price_data,65,0.051556,0.948444,49,16,3,,
GRO,2026-02-18,1.47265,partial_price_data,65,0.051368,0.948632,49,16,0.99,,
GRO,2026-02-19,1.473377,partial_price_data,67,0.021492,0.978508,51,16,1,,
GRO,2026-02-23,1.451171,partial_price_data,67,0.021821,0.978179,50,17,1,,
GRO,2026-02-24,1.470673,partial_price_data,68,0.006825,0.993175,51,17,1.18,,
GRO,2026-02-25,1.486498,partial_price_data,67,0.020575,0.979425,50,17,1.32,,
GRO,2026-02-26,1.492797,partial_price_data,67,0.020489,0.979511,50,17,1,,
GRO,2026-02-27,1.482174,partial_price_data,67,0.020635,0.979365,50,17,1.08,,
GRO,2026-03-02,1.486055,partial_price_data,67,0.020582,0.979418,50,17,1,,
GRO,2026-03-03,1.463911,partial_price_data,66,0.034657,0.965343,49,17,0.95,,
GRO,2026-03-04,1.47742,partial_price_data,66,0.03434,0.96566,49,17,0,,
GRO,2026-03-05,1.466989,partial_price_data,66,0.034585,0.965415,49,17,2,,
GRO,2026-03-06,1.445746,partial_price_data,66,0.035093,0.964907,49,17,5,,
GRO,2026-03-09,1.466687,partial_price_data,66,0.034592,0.965408,49,17,0.62,,
GRO,2026-03-10,1.461287,partial_price_data,66,0.03472,0.96528,49,17,0,,
GRO,2026-03-11,1.461631,partial_price_data,67,0.019786,0.980214,50,17,7,,
GRO,2026-03-12,1.436181,partial_price_data,66,0.033753,0.966247,49,17,0.65,,
GRO,2026-03-16,1.455976,partial_price_data,66,0.033294,0.966706,49,17,75,,
GRO,2026-03-18,1.451258,partial_price_data,66,0.033402,0.966598,49,17,1,,
GRO,2026-03-19,1.454485,partial_price_data,66,0.033328,0.966672,49,17,51.62,,
GRO,2026-03-20,1.417813,partial_price_data,67,0.019265,0.980735,50,17,0.35,,
GRO,2026-03-23,1.445342,partial_price_data,67,0.018898,0.981102,50,17,0.44,0.1,23
GRO,2026-03-24,1.446876,partial_price_data,67,0.018878,0.981122,50,17,0.3,,
GRO,2026-03-25,1.459602,partial_price_data,67,0.018713,0.981287,50,17,3,,
GRO,2026-03-26,1.429256,partial_price_data,67,0.019111,0.980889,50,17,0.39,,
GRO,2026-03-27,1.40886,partial_price_data,67,0.019387,0.980613,50,17,7,,
GRO,2026-03-30,1.389916,partial_price_data,67,0.019652,0.980348,50,17,0.03,,
GRO,2026-03-31,1.425311,partial_price_data,67,0.019164,0.980836,50,17,0,,
GRO,2026-04-01,1.438721,partial_price_data,67,0.018985,0.981015,50,17,1,,
GRO,2026-04-02,1.440626,partial_price_data,67,0.01896,0.98104,50,17,15,,
GRO,2026-04-06,1.447509,partial_price_data,67,0.01887,0.98113,50,17,3,,
GRO,2026-04-07,1.445957,partial_price_data,67,0.01889,0.98111,50,17,0.34,,
GRO,2026-04-08,1.47846,partial_price_data,67,0.018475,0.981525,50,17,52,,
GRO,2026-04-09,1.475896,partial_price_data,67,0.018507,0.981493,50,17,1,,
GRO,2026-04-10,1.469358,partial_price_data,67,0.018589,0.981411,50,17,0.5,,
GRO,2026-04-13,1.491774,partial_price_data,70,0,1,53,17,0,,
GRO,2026-04-14,1.50053,partial_price_data,71,0,1,54,17,1,,
GRO,2026-04-15,1.510324,partial_price_data,73,0,1,56,17,1.09,,
GRO,2026-04-16,1.522257,partial_price_data,73,0,1,56,17,,,
GRO,2026-04-17,1.54092,partial_price_data,73,0,1,56,17,43,,
GRO,2026-04-20,1.549467,partial_price_data,73,0,1,56,17,1,,
GRO,2026-04-21,1.538959,partial_price_data,74,0,1,57,17,31,,
GRO,2026-04-22,1.568139,partial_price_data,74,0,1,57,17,1.35,,
GRO,2026-04-23,1.556194,partial_price_data,74,0,1,57,17,5.55,,
GRO,2026-04-24,1.570627,partial_price_data,74,0,1,57,17,1.40,,
GRO,2026-04-27,1.570476,partial_price_data,75,0,1,58,17,1.41,,
GRO,2026-04-28,1.537402,partial_price_data,75,0,1,58,17,1,,
GRO,2026-04-29,1.519639,partial_price_data,75,0,1,58,17,1,,
GRO,2026-04-30,1.560482,partial_price_data,75,0,1,58,17,1.4,,
GRO,2026-05-01,1.577124,partial_price_data,75,0,1,58,17,6.23,,
GRO,2026-05-04,1.581728,partial_price_data,75,0,1,58,17,1,,
GRO,2026-05-05,1.605381,partial_price_data,75,0,1,58,17,1.49,,
GRO,2026-05-06,1.630946,partial_price_data,75,0,1,58,17,1.55,,
GRO,2026-05-07,1.591518,partial_price_data,75,0,1,58,17,41,,
GRO,2026-05-08,1.621377,partial_price_data,75,0,1,58,17,1.41,,
GRO,2026-05-11,1.644451,partial_price_data,75,0,1,58,17,1.45,,
GRO,2026-05-12,1.628977,partial_price_data,80,0,1,63,17,,,
GRO,2026-05-13,1.636827,partial_price_data,80,0,1,60,20,1.55,,
GRO,2026-05-14,1.65001,partial_price_data,81,0,1,61,20,1.67,,
GRO,2026-05-15,1.601093,partial_price_data,80,0.012075,0.987925,61,19,1,,
GRO,2026-05-18,1.582244,partial_price_data,79,0.029058,0.970942,59,20,27,,
GRO,2026-05-19,1.575143,partial_price_data,79,0.029189,0.970811,59,20,1.11,,
GRO,2026-05-20,1.601932,partial_price_data,79,0.0287,0.9713,59,20,1.12,,
GRO,2026-05-21,1.621511,partial_price_data,79,0.028354,0.971646,59,20,1.15,,
GRO,2026-05-22,1.631422,partial_price_data,80,0.015682,0.984318,60,20,1.32,,
GRO,2026-05-26,1.662814,partial_price_data,82,0,1,62,20,1.50,,
GRO,2026-05-28,1.671707,partial_price_data,83,0,1,63,20,1,,
GRO,2026-05-29,1.680367,partial_price_data,83,0,1,63,20,2.5,,
GRO,2026-05-30,1.680367,partial_price_data,84,0,1,64,20,1.50,,
GRO,2026-06-01,1.687418,partial_price_data,84,0,1,64,20,1,,
GRO,2026-06-02,1.708381,partial_price_data,83,0.009613,0.990387,63,20,1,,
GRO,2026-06-03,1.694163,partial_price_data,83,0.009251,0.990749,63,20,1,,
GRO,2026-06-04,1.704175,partial_price_data,86,0,1,66,20,1.3,,
GRO,2026-06-05,1.613666,partial_price_data,86,0,1,66,20,17,,
GRO,2026-06-08,1.632857,partial_price_data,86,0,1,66,20,1,,
GRO,2026-06-09,1.615961,partial_price_data,87,0,1,67,20,0,,
GRO,2026-06-10,1.584161,partial_price_data,86,0.010742,0.989258,66,20,0.86,,
GRO,2026-06-11,1.643269,partial_price_data,86,0.010356,0.989644,66,20,01.7,8,0
GRO,2026-06-12,1.649718,partial_price_data,89,0,1,69,20,11,,
GRO,2026-06-15,1.695397,partial_price_data,91,0,1,71,20,1.40,,
GRO,2026-06-16,1.666415,partial_price_data,92,0,1,72,20,,1,21
GRO,2026-06-17,1.670563,partial_price_data,92,0,1,72,20,143,,
GRO,2026-06-18,1.717405,partial_price_data,91,0.012407,0.987593,71,20,73,,
GRO,2026-06-22,1.725245,partial_price_data,90,0.023244,0.976756,70,20,1,,
GRO,2026-06-23,1.662781,partial_price_data,89,0.0464,0.9536,69,20,1,,
GRO,2026-06-24,1.657131,partial_price_data,88,0.058794,0.941206,68,20,03,,
GRO,2026-06-25,1.686455,partial_price_data,87,0.070079,0.929921,67,20,0,,
GRO,2026-06-26,1.6682,partial_price_data,87,0.070846,0.929154,67,20,0.89,,
GRO,2026-06-29,1.6937,partial_price_data,90,0.03737,0.96263,70,20,1.02,,
GRO,2026-06-30,1.721671,partial_price_data,90,0.036763,0.963237,70,20,20,,
GRO,2026-07-01,1.686383,partial_price_data,89,0.047778,0.952222,69,20,1.10,,
GRO,2026-07-02,1.650212,partial_price_data,88,0.058549,0.941451,68,20,1,64,4
GRO,2026-07-06,1.665013,partial_price_data,88,0.058029,0.941971,68,20,1,,
GRO,2026-07-07,1.624057,partial_price_data,88,0.05872,0.94128,68,20,1.05,,
GRO,2026-07-08,1.625887,partial_price_data,88,0.061708,0.938292,68,20,1,,
GRO,2026-07-09,1.649993,partial_price_data,89,0.049571,0.950429,69,20,1.25,,
GRO,2026-07-10,1.645052,partial_price_data,89,0.04972,0.95028,69,20,1.14,,
GRO,2026-07-13,1.616182,partial_price_data,89,0.050608,0.949392,69,20,1.34,,
GRO,2026-07-14,1.634599,partial_price_data,89,0.050038,0.949962,70,19,1.1,,
GRO,2026-07-15,1.617506,partial_price_data,89,0.050567,0.949433,69,20,,,
GRO,2026-07-16,1.580583,partial_price_data,88,0.062664,0.937336,68,20,07,,
GRO,2026-07-17,1.572873,partial_price_data,87,0.081134,0.918866,67,20,0.37,,
GRO,2026-07-20,1.554918,partial_price_data,87,0.082071,0.917929,67,20,0.90,,
GRO,2026-07-21,1.594681,partial_price_data,87,0.080024,0.919976,66,21,1,,
GRO,2026-07-22,1.590504,partial_price_data,87,0.080689,0.919311,66,21,1,,
GRO,2026-07-23,1.584759,partial_price_data,87,0.080981,0.919019,66,21,0,,
GRO,2026-07-24,1.556791,partial_price_data,87,0.082436,0.917564,66,21,,,
GRO,2026-07-27,1.549326,partial_price_data,86,0.093666,0.906334,65,21,0.75,,
GRO,2026-07-28,1.520892,partial_price_data,86,0.095418,0.904582,65,21,1,,
GRO,2026-07-29,1.481523,partial_price_data,86,0.097953,0.902047,65,21,11,,
GRO,2026-07-30,1.535124,partial_price_data,86,0.094533,0.905467,65,21,0.57,,
GRO,2026-07-31,1.534473,partial_price_data,86,0.094573,0.905427,65,21,01.62,,
GRO,2026-08-03,1.560233,partial_price_data,86,0.093012,0.906988,65,21,0.00,,
GRO,2026-08-04,1.605305,partial_price_data,87,0.078906,0.921094,66,21,0,,
GRO,2026-08-05,1.596341,partial_price_data,88,0.067985,0.932015,67,21,1,,
GRO,2026-08-06,1.580256,partial_price_data,88,0.068677,0.931323,67,21,150,,
GRO,2026-08-07,1.596303,partial_price_data,89,0.056751,0.943249,68,21,31,,
GRO,2026-08-10,1.598791,partial_price_data,90,0.045552,0.954448,69,21,1,,
GRO,2026-08-11,1.607796,partial_price_data,91,0.034307,0.965693,70,21,1.79,,
GRO,2026-08-12,1.633198,partial_price_data,93,0.012268,0.987732,72,21,113,,
GRO,2026-08-13,1.64792,partial_price_data,94,0.001521,0.998479,74,20,1,74,7
GRO,2026-08-14,1.65332,partial_price_data,95,0,1,75,20,1,,
GRO,2026-08-17,1.658408,partial_price_data,94,0.009476,0.990524,72,22,1.63,,
GRO,2026-08-18,1.613209,partial_price_data,91,0.035,0.965,69,22,1,,
GRO,2026-08-19,1.611661,partial_price_data,91,0.036453,0.963547,69,22,1.03,,
GRO,2026-08-20,1.598981,partial_price_data,91,0.036742,0.963258,69,22,1.05,,
GRO,2026-08-21,1.615036,partial_price_data,91,0.036377,0.963623,69,22,1.05,,
GRO,2026-08-24,1.594979,partial_price_data,91,0.036834,0.963166,69,22,1.10,,
GRO,2026-08-25,1.602304,partial_price_data,90,0.046225,0.953775,68,22,04,,
GRO,2026-08-26,1.602678,partial_price_data,89,0.055698,0.944302,67,22,1,,
GRO,2026-08-27,1.614399,partial_price_data,91,0.033316,0.966684,69,22,0,,
GRO,2026-08-28,1.592078,partial_price_data,90,0.044416,0.955584,68,22,045,,
GRO,2026-08-31,1.592566,partial_price_data,89,0.05575,0.94425,67,22,1,,
GRO,2026-09-01,1.565626,partial_price_data,88,0.066706,0.933294,66,22,0.90,,
GRO,2026-09-02,1.572933,partial_price_data,87,0.077267,0.922733,65,22,141,,
GRO,2026-09-03,1.586689,partial_price_data,88,0.065233,0.934767,66,22,1.07,,
GRO,2026-09-04,1.597631,partial_price_data,89,0.05355,0.94645,67,22,11,,
GRO,2026-09-08,1.603931,partial_price_data,90,0.042229,0.957771,68,22,0,,
GRO,2026-09-09,1.593978,partial_price_data,90,0.042493,0.957507,68,22,11,,
GRO,2026-09-10,1.566908,partial_price_data,88,0.084355,0.915645,66,22,1.01,,
TURBO,2025-06-06,1,baseline,11,0,1,11,0,1.43,,
TURBO,2025-07-14,1.143897,ok,12,0,1,12,0,2,,
TURBO,2025-07-16,1.180776,ok,12,0,1,12,0,1.92,,
TURBO,2025-08-27,1.222458,ok,12,0,1,12,0,2.03,,
TURBO,2025-09-03,1.190844,ok,12,0,1,12,0,1.46,,
TURBO,2025-09-04,1.177067,ok,14,0,1,14,0,1.65,,
TURBO,2025-09-05,1.193858,ok,14,0,1,14,0,1.46,,
TURBO,2025-09-12,1.303473,ok,14,0,1,14,0,2.30,,
TURBO,2025-09-26,1.263816,ok,14,0,1,14,0,1.48,,
TURBO,2025-10-09,1.461047,ok,14,0,1,14,0,,2.54,6.04
TURBO,2025-10-13,1.415563,ok,14,0,1,14,0,1.16,,
TURBO,2025-10-15,1.415965,ok,19,0,1,19,0,1.82,,
TURBO,2025-10-16,1.367301,ok,16,0.150687,0.849313,16,0,1.37,,
TURBO,2025-10-20,1.379799,ok,16,0.149322,0.850678,16,0,1.88,,
TURBO,2025-10-29,1.40956,ok,17,0.087346,0.912654,17,0,2.34,,
TURBO,2025-10-30,1.362165,ok,19,0,1,19,0,5.56,,
TURBO,2025-10-31,1.399734,ok,20,0,1,20,0,1.68,,
TURBO,2025-11-04,1.3092,ok,20,0,1,20,0,1,,
TURBO,2025-11-05,1.340487,ok,22,0,1,22,0,1.43,,
TURBO,2025-11-19,1.214342,ok,24,0,1,24,0,3.08,,
TURBO,2025-12-30,1.301135,ok,25,0,1,25,0,1,,
TURBO,2025-12-31,1.287098,ok,25,0,1,25,0,1.73,,
TURBO,2026-01-02,1.342301,ok,26,0,1,26,0,1.61,,
TURBO,2026-01-05,1.376813,ok,27,0,1,27,0,1.72,,
TURBO,2026-01-06,1.441394,ok,29,0,1,29,0,1,,
TURBO,2026-01-07,1.423786,partial_price_data,29,0,1,28,1,1.81,,
TURBO,2026-01-08,1.413451,partial_price_data,31,0,1,30,1,1.76,,
TURBO,2026-01-09,1.433964,partial_price_data,31,0,1,28,3,2,,
TURBO,2026-01-12,1.459745,partial_price_data,31,0,1,28,3,1.45,,
TURBO,2026-01-12,1.459745,partial_price_data,31,0,1,28,3,1.95,,
TURBO,2026-01-14,1.456606,partial_price_data,32,0,1,29,3,2.0,,
TURBO,2026-01-15,1.452837,partial_price_data,31,0.027082,0.972918,28,3,57,,
TURBO,2026-01-16,1.472159,partial_price_data,31,0.026727,0.973273,28,3,1.92,,
TURBO,2026-01-22,1.50653,partial_price_data,31,0.026117,0.973883,28,3,3,,
TURBO,2026-01-23,1.482749,partial_price_data,31,0.026536,0.973464,28,3,1,,
TURBO,2026-01-26,1.46258,partial_price_data,31,0.026902,0.973098,28,3,3,,
TURBO,2026-01-27,1.487446,partial_price_data,33,0,1,30,3,1.75,,
TURBO,2026-01-28,1.511996,partial_price_data,33,0,1,30,3,7.95,,
TURBO,2026-01-29,1.488875,partial_price_data,33,0,1,30,3,6.61,,
TURBO,2026-01-30,1.446972,partial_price_data,31,0.055638,0.944362,28,3,1.36,,
TURBO,2026-02-02,1.443927,partial_price_data,31,0.055755,0.944245,28,3,1,,
TURBO,2026-02-03,1.465891,partial_price_data,31,0.05492,0.94508,28,3,1.3,,
TURBO,2026-02-04,1.383384,partial_price_data,30,0.112624,0.887376,27,3,1.33,,
TURBO,2026-02-05,1.33492,partial_price_data,28,0.178092,0.821908,25,3,1.61,,
TURBO,2026-02-06,1.382348,partial_price_data,28,0.171981,0.828019,25,3,1.10,,
TURBO,2026-02-09,1.391778,partial_price_data,28,0.170816,0.829184,25,3,1,,
TURBO,2026-02-10,1.369668,partial_price_data,30,0.106907,0.893093,27,3,1.46,,
TURBO,2026-02-11,1.364902,partial_price_data,29,0.139385,0.860615,26,3,1.50,,
TURBO,2026-02-12,1.331921,partial_price_data,29,0.142837,0.857163,26,3,1,,
TURBO,2026-02-13,1.347858,partial_price_data,30,0.107815,0.892185,27,3,1.11,,
TURBO,2026-02-17,1.328899,partial_price_data,30,0.109353,0.890647,27,3,4,,
TURBO,2026-02-18,1.342636,partial_price_data,30,0.108234,0.891766,27,3,1.43,,
TURBO,2026-02-19,1.347585,partial_price_data,30,0.107836,0.892164,27,3,1,,
TURBO,2026-02-23,1.319715,partial_price_data,29,0.139703,0.860297,26,3,1,,
TURBO,2026-02-24,1.323991,partial_price_data,29,0.139251,0.860749,26,3,1,,
TURBO,2026-02-25,1.335748,partial_price_data,29,0.138026,0.861974,26,3,1.79,,
TURBO,2026-02-26,1.347861,partial_price_data,36,0,1,33,3,11,,
TURBO,2026-02-27,1.31936,partial_price_data,36,0,1,31,5,1.65,,
TURBO,2026-03-02,1.328906,partial_price_data,35,0.027398,0.972602,30,5,1,,
TURBO,2026-03-03,1.286662,partial_price_data,35,0.028297,0.971703,30,5,0.59,,
TURBO,2026-03-04,1.316797,partial_price_data,35,0.02765,0.97235,30,5,1.53,,
TURBO,2026-03-05,1.294509,partial_price_data,37,0.015374,0.984626,32,5,3,,
TURBO,2026-03-06,1.271419,partial_price_data,36,0.04335,0.95665,28,8,1,,
TURBO,2026-03-09,1.303218,partial_price_data,36,0.042293,0.957707,28,8,0.54,,
TURBO,2026-03-10,1.318718,partial_price_data,36,0.041796,0.958204,28,8,55,,
TURBO,2026-03-11,1.3306,partial_price_data,36,0.041422,0.958578,28,8,0,3,1
TURBO,2026-03-12,1.299259,partial_price_data,36,0.042422,0.957578,28,8,0.52,,
TURBO,2026-03-16,1.331914,partial_price_data,37,0.014354,0.985646,29,8,1,,
TURBO,2026-03-20,1.298103,partial_price_data,37,0.014728,0.985272,29,8,0.10,,
TURBO,2026-03-23,1.309709,partial_price_data,37,0.014598,0.985402,29,8,0.09,,
TURBO,2026-03-24,1.295659,partial_price_data,37,0.014756,0.985244,29,8,0.05,,
TURBO,2026-03-25,1.301716,partial_price_data,37,0.014687,0.985313,29,8,2,,
TURBO,2026-03-27,1.234572,partial_price_data,37,0.015486,0.984514,29,8,0.18,,
TURBO,2026-03-30,1.213971,partial_price_data,37,0.015749,0.984251,29,8,0.19,,
TURBO,2026-03-31,1.260383,partial_price_data,37,0.015169,0.984831,29,8,0,18,1.54
TURBO,2026-04-01,1.283671,partial_price_data,37,0.014894,0.985106,29,8,0.23,,
TURBO,2026-04-02,1.292731,partial_price_data,37,0.01479,0.98521,29,8,0,,
TURBO,2026-04-06,1.302229,partial_price_data,37,0.014682,0.985318,29,8,0.11,,
TURBO,2026-04-07,1.293088,partial_price_data,39,0,1,31,8,0.01,,
TURBO,2026-04-08,1.342337,partial_price_data,39,0,1,31,8,0,,
TURBO,2026-04-09,1.351262,partial_price_data,39,0,1,31,8,2.17,,
TURBO,2026-04-10,1.351209,partial_price_data,39,0,1,31,8,0.46,,
TURBO,2026-04-13,1.404501,partial_price_data,39,0,1,31,8,1,,
TURBO,2026-04-14,1.408893,partial_price_data,40,0,1,32,8,1,,
TURBO,2026-04-15,1.411736,partial_price_data,41,0,1,33,8,1.24,,
TURBO,2026-04-16,1.425168,partial_price_data,43,0,1,34,9,5,,
TURBO,2026-04-17,1.434356,partial_price_data,44,0,1,35,9,,3,6
TURBO,2026-04-20,1.431635,partial_price_data,45,0,1,35,10,1,,
TURBO,2026-04-21,1.421681,partial_price_data,45,0,1,35,10,1.64,,
TURBO,2026-04-22,1.461525,partial_price_data,46,0,1,37,9,1.87,,
TURBO,2026-04-23,1.434475,partial_price_data,47,0,1,38,9,2,,
TURBO,2026-04-24,1.460041,partial_price_data,47,0,1,38,9,2.08,,
TURBO,2026-04-27,1.47841,partial_price_data,47,0,1,38,9,1.90,,
TURBO,2026-04-28,1.435366,partial_price_data,46,0.019131,0.980869,37,9,1,,
TURBO,2026-04-29,1.446304,partial_price_data,46,0.018986,0.981014,37,9,61,,
TURBO,2026-04-30,1.475041,partial_price_data,48,0,1,39,9,1,,
TURBO,2026-05-01,1.503684,partial_price_data,48,0,1,39,9,2,,
TURBO,2026-05-04,1.5113,partial_price_data,48,0,1,39,9,2,,
TURBO,2026-05-05,1.562014,partial_price_data,48,0,1,39,9,2.17,,
TURBO,2026-05-06,1.597123,partial_price_data,50,0,1,41,9,2,,
TURBO,2026-05-07,1.552469,partial_price_data,48,0.034465,0.965535,39,9,6,,
TURBO,2026-05-08,1.626301,partial_price_data,48,0.0329,0.9671,39,9,1.57,,
TURBO,2026-05-11,1.641347,partial_price_data,48,0.032599,0.967401,39,9,2.27,,
TURBO,2026-05-12,1.600385,partial_price_data,49,0.013025,0.986975,40,9,2,,
TURBO,2026-05-13,1.603665,partial_price_data,50,0,1,41,9,2.4,,
TURBO,2026-05-14,1.607515,partial_price_data,48,0.038901,0.961099,39,9,2.24,,
TURBO,2026-05-15,1.578894,partial_price_data,47,0.058831,0.941169,38,9,2.02,,
TURBO,2026-05-18,1.561525,partial_price_data,47,0.059486,0.940514,38,9,3,,
TURBO,2026-05-19,1.567582,partial_price_data,47,0.055515,0.944485,38,9,1.25,,
TURBO,2026-05-20,1.606765,partial_price_data,49,0.013345,0.986655,40,9,1.54,,
TURBO,2026-05-21,1.663463,partial_price_data,51,0,1,42,9,1.93,,
TURBO,2026-05-22,1.657358,partial_price_data,53,0,1,44,9,2.28,,
TURBO,2026-05-26,1.700234,partial_price_data,52,0.016937,0.983063,43,9,2.22,,
TURBO,2026-05-28,1.736801,partial_price_data,52,0.01658,0.98342,43,9,2,,
TURBO,2026-05-29,1.746435,partial_price_data,52,0.016489,0.983511,43,9,3,,
TURBO,2026-05-30,1.746435,partial_price_data,51,0.030382,0.969618,42,9,1.93,,
TURBO,2026-06-01,1.78248,partial_price_data,52,0.043529,0.956471,43,9,5,03,8
TURBO,2026-06-02,1.790137,partial_price_data,53,0.024475,0.975525,44,9,7,,
TURBO,2026-06-03,1.770864,partial_price_data,53,0.024741,0.975259,44,9,,,
TURBO,2026-06-04,1.758428,partial_price_data,53,0.023999,0.976001,44,9,2.05,,
TURBO,2026-06-05,1.625117,partial_price_data,53,0.025967,0.974033,44,9,,,
TURBO,2026-06-08,1.648061,partial_price_data,53,0.025606,0.974394,44,9,0.84,,
TURBO,2026-06-09,1.631669,partial_price_data,52,0.05934,0.94066,43,9,1,,
TURBO,2026-06-10,1.607357,partial_price_data,52,0.060237,0.939763,43,9,0.55,,
TURBO,2026-06-11,1.695308,partial_price_data,52,0.057112,0.942888,43,9,,0,0.40
TURBO,2026-06-12,1.713384,partial_price_data,54,0.019473,0.980527,45,9,57,,
TURBO,2026-06-15,1.779419,partial_price_data,54,0.01875,0.98125,45,9,1.07,,
TURBO,2026-06-16,1.733024,partial_price_data,54,0.019252,0.980748,45,9,1,,
TURBO,2026-06-17,1.722416,partial_price_data,53,0.036162,0.963838,44,9,1,,
TURBO,2026-06-18,1.784979,partial_price_data,52,0.052577,0.947423,43,9,37,,
TURBO,2026-06-22,1.791121,partial_price_data,52,0.052396,0.947604,43,9,1,,
TURBO,2026-06-23,1.69777,partial_price_data,52,0.055277,0.944723,43,9,3,,
TURBO,2026-06-24,1.668156,partial_price_data,51,0.075075,0.924925,42,9,1.01,,
TURBO,2026-06-25,1.742606,partial_price_data,51,0.071868,0.928132,42,9,,,
TURBO,2026-06-26,1.692741,partial_price_data,49,0.108661,0.891339,40,9,0.82,,
TURBO,2026-06-29,1.719319,partial_price_data,49,0.087015,0.912985,40,9,1.28,,
TURBO,2026-06-30,1.77658,partial_price_data,49,0.084211,0.915789,40,9,1.35,,
TURBO,2026-07-01,1.724192,partial_price_data,48,0.108051,0.891949,39,9,1.23,,
TURBO,2026-07-02,1.651436,partial_price_data,48,0.112812,0.887188,39,9,1,,
TURBO,2026-07-06,1.673075,partial_price_data,48,0.111353,0.888647,39,9,1,,
TURBO,2026-07-07,1.616937,partial_price_data,49,0.09481,0.90519,40,9,1.55,,
TURBO,2026-07-08,1.628802,partial_price_data,51,0.051682,0.948318,42,9,1,,
TURBO,2026-07-09,1.673725,partial_price_data,52,0.031064,0.968936,41,11,1,,
TURBO,2026-07-10,1.672518,partial_price_data,52,0.031086,0.968914,41,11,1.75,,
TURBO,2026-07-13,1.600061,partial_price_data,52,0.032494,0.967506,41,11,1.75,,
TURBO,2026-07-14,1.639084,partial_price_data,52,0.03172,0.96828,41,11,176,,
TURBO,2026-07-15,1.610784,partial_price_data,51,0.050622,0.949378,40,11,2,,
TURBO,2026-07-16,1.543025,partial_price_data,51,0.052845,0.947155,40,11,4,,
TURBO,2026-07-17,1.522826,partial_price_data,50,0.070217,0.929783,39,11,27,,
TURBO,2026-07-20,1.507437,partial_price_data,50,0.070934,0.929066,39,11,1.25,,
TURBO,2026-07-21,1.571533,partial_price_data,51,0.048433,0.951567,39,12,189,,
TURBO,2026-07-22,1.566045,partial_price_data,51,0.048603,0.951397,39,12,1,,
TURBO,2026-07-23,1.534647,partial_price_data,51,0.049597,0.950403,39,12,1,,
TURBO,2026-07-24,1.481834,partial_price_data,51,0.051365,0.948635,39,12,1,,
TURBO,2026-07-27,1.458818,partial_price_data,50,0.071378,0.928622,38,12,0.81,,
TURBO,2026-07-28,1.412315,partial_price_data,50,0.073728,0.926272,38,12,0,,
TURBO,2026-07-29,1.369263,partial_price_data,49,0.086561,0.913439,37,12,1,,
TURBO,2026-07-30,1.456076,partial_price_data,49,0.0814,0.9186,37,12,0.72,,
TURBO,2026-07-31,1.453225,partial_price_data,49,0.08156,0.91844,37,12,0.71,,
TURBO,2026-08-03,1.503593,partial_price_data,50,0.058828,0.941172,38,12,7,,
TURBO,2026-08-04,1.559824,partial_price_data,50,0.056707,0.943293,37,13,,,
TURBO,2026-08-05,1.527577,partial_price_data,50,0.057904,0.942096,37,13,1,,
TURBO,2026-08-06,1.502251,partial_price_data,50,0.05888,0.94112,37,13,4,,
TURBO,2026-08-07,1.519457,partial_price_data,50,0.058213,0.941787,37,13,1.03,,
TURBO,2026-08-10,1.530684,partial_price_data,50,0.057787,0.942213,37,13,1,,
TURBO,2026-08-11,1.543777,partial_price_data,51,0.037689,0.962311,38,13,1.14,,
TURBO,2026-08-12,1.561643,partial_price_data,51,0.037257,0.962743,38,13,2,,
TURBO,2026-08-13,1.597491,partial_price_data,53,0,1,40,13,0,,
TURBO,2026-08-14,1.615227,partial_price_data,54,0,1,41,13,0.97,,
TURBO,2026-08-17,1.643205,partial_price_data,55,0,1,41,14,5,,
TURBO,2026-08-18,1.584302,partial_price_data,53,0.034554,0.965446,39,14,0,,
TURBO,2026-08-19,1.582034,partial_price_data,53,0.034603,0.965397,39,14,1.55,,
TURBO,2026-08-20,1.57649,partial_price_data,56,0,1,42,14,1.44,,
TURBO,2026-08-21,1.597881,partial_price_data,56,0,1,42,14,1.72,,
TURBO,2026-08-24,1.560542,partial_price_data,56,0,1,42,14,1.56,,
TURBO,2026-08-25,1.571332,partial_price_data,57,0,1,43,14,1.70,,
TURBO,2026-08-26,1.56876,partial_price_data,58,0,1,44,14,1,,
TURBO,2026-08-27,1.594511,partial_price_data,60,0,1,46,14,1,,
TURBO,2026-08-28,1.564936,partial_price_data,60,0,1,46,14,2.77,,
TURBO,2026-08-31,1.581002,partial_price_data,60,0,1,46,14,262,,
TURBO,2026-09-01,1.556638,partial_price_data,61,0,1,47,14,1,,
TURBO,2026-09-02,1.561901,partial_price_data,62,0,1,48,14,1,,
TURBO,2026-09-03,1.581941,partial_price_data,63,0,1,46,17,1.72,,
TURBO,2026-09-04,1.605551,partial_price_data,63,0,1,46,17,64,,
TURBO,2026-09-08,1.605963,partial_price_data,62,0.016422,0.983578,45,17,2.88,,
TURBO,2026-09-09,1.601698,partial_price_data,62,0.016465,0.983535,45,17,1,,
TURBO,2026-09-10,1.574781,partial_price_data,60,0.039452,0.960548,43,17,1.46,,
