portfolio,ticker,entry_date,entry_sequence,entry_source_file,entry_origin,entry_action_type,entry_sizing_method,entry_weight_fraction,current_weight_fraction,entry_percent_text,entry_percent_value,adjustment_count,adjustment_percent_total,adjustment_last_date,exit_date,exit_sequence,exit_source_file,exit_action_type,exit_percent_text,exit_percent_value,is_open,mark_date,entry_price_date,exit_price_date,mark_price_date,price_source,price_status,entry_price,exit_price,mark_price,return_pct,lifecycle_status
GRO,AAPL,2022-09-22,1,revere_20220922.png,baseline,,baseline_equal_weight,0.083333,0,,,2,,2026-02-12,2026-02-13,1,revere_20260213.png,SELL,,,false,,2022-09-22,2026-02-13,,yahoo_chart_adjclose,ok,149.813019,255.324356,,70.428684,closed_priced
GRO,BIT,2022-09-22,1,revere_20220922.png,baseline,,baseline_equal_weight,0.083333,0.00919,,,0,,,,,,,,,true,2026-09-10,2022-09-22,,2026-09-10,yahoo_chart_adjclose,ok,10.191303,,11.77,15.49063,open_priced
GRO,CEG,2022-09-22,1,revere_20220922.png,baseline,,baseline_equal_weight,0.083333,0.02748,,,0,,,,,,,,,true,2026-09-10,2022-09-22,,2026-09-10,yahoo_chart_adjclose,ok,82.809502,,285.970001,245.334767,open_priced
GRO,CMG,2022-09-22,1,revere_20220922.png,baseline,,baseline_equal_weight,0.083333,0.00905,,,0,,,,,,,,,true,2026-09-10,2022-09-22,,2026-09-10,yahoo_chart_adjclose,ok,31.7696,,36.130001,13.725074,open_priced
GRO,ENPH,2022-09-22,1,revere_20220922.png,baseline,,baseline_equal_weight,0.083333,0.001034,,,0,,,,,,,,,true,2026-09-10,2022-09-22,,2026-09-10,yahoo_chart_adjclose,ok,283.630005,,36.860001,-87.004195,open_priced
GRO,ENVX,2022-09-22,1,revere_20220922.png,baseline,,baseline_equal_weight,0.083333,0.001263,,,0,,,,,,,,,true,2026-09-10,2022-09-22,,2026-09-10,yahoo_chart_adjclose,ok,19.790001,,3.14,-84.133402,open_priced
GRO,FSLR,2022-09-22,1,revere_20220922.png,baseline,,baseline_equal_weight,0.083333,0,,,0,,,2022-11-29,1,revere_20221129.png,SELL,,,false,,2022-09-22,2022-11-29,,yahoo_chart_adjclose,ok,131.770004,161.809998,,22.797293,closed_priced
GRO,LNG,2022-09-22,1,revere_20220922.png,baseline,,baseline_equal_weight,0.083333,0.013835,,,1,,2026-04-09,,,,,,,true,2026-09-10,2022-09-22,,2026-09-10,yahoo_chart_adjclose,ok,159.811249,,277.839996,73.855093,open_priced
GRO,LTHM,2022-09-22,1,revere_20220922.png,baseline,,baseline_equal_weight,0.083333,0.007958,,,0,,,,,,,,,true,2026-09-10,,,,yahoo_chart,network_error,,,,,open_unpriced
GRO,SWAV,2022-09-22,1,revere_20220922.png,baseline,,baseline_equal_weight,0.083333,0.007958,,,0,,,,,,,,,true,2026-09-10,,,,yahoo_chart,network_error,,,,,open_unpriced
GRO,TSLA,2022-09-22,1,revere_20220922.png,baseline,,baseline_equal_weight,0.083333,0,,,3,,2025-09-12,2026-01-02,1,revere_20260102.png,SELL,,,false,,2022-09-22,2026-01-02,,yahoo_chart_adjclose,ok,288.589996,438.070007,,51.796671,closed_priced
GRO,WOLF,2022-09-22,1,revere_20220922.png,baseline,,baseline_equal_weight,0.083333,0.009063,,,1,,2026-04-08,,,,,,,true,2026-09-10,2025-09-29,,2026-09-10,yahoo_chart_adjclose,ok_with_forward_fill,22.1,,25.17,13.891403,open_priced
GRO,FCX,2022-12-27,1,revere_20221227.png,event,BUY,explicit_action_percent,0.02,0.003303,2%,2,0,,,,,,,,,true,2026-09-10,2022-12-27,,2026-09-10,yahoo_chart_adjclose,ok,37.000298,,71.209999,92.457907,open_priced
GRO,BROS,2023-02-01,1,revere_20230201.png,event,ADD,equal_weight_fallback,0.076923,0.007634,,,0,,,,,,,,,true,2026-09-10,2023-02-01,,2026-09-10,yahoo_chart_adjclose,ok,38.52,,43.439999,12.772583,open_priced
GRO,PANW,2023-02-27,1,revere_20230227.png,event,ADD,equal_weight_fallback,0.071429,0.023454,,,0,,,,,,,,,true,2026-09-10,2023-02-27,,2026-09-10,yahoo_chart_adjclose,ok,94.254997,,338.48999,259.121533,open_priced
GRO,UBER,2023-05-09,1,revere_20230509.png,event,ADD,equal_weight_fallback,0.066667,0,,,1,,2023-08-23,2025-07-16,1,revere_20250716.png,SELL,,,false,,2023-05-09,2025-07-16,,yahoo_chart_adjclose,ok,38.189999,90.75,,137.627657,closed_priced
GRO,CHAT,2023-06-30,1,revere_20230630.png,event,ADD,equal_weight_fallback,0.0625,0.023302,,,0,,,,,,,,,true,2026-09-10,2023-06-30,,2026-09-10,yahoo_chart_adjclose,ok,27.98703,,87.970001,214.324174,open_priced
GRO,BITO,2023-10-30,1,revere_20231030.png,event,BUY,equal_weight_fallback,0.058824,0.012685,,,0,,,,,,,,,true,2026-09-10,2023-10-30,,2026-09-10,yahoo_chart_adjclose,ok,5.550959,,10.37,86.814567,open_priced
GRO,TNA,2024-03-01,1,revere_20240301.png,event,BUY,equal_weight_fallback,0.052632,0,,,0,,,2026-02-11,1,revere_20260211.png,,,,false,,2024-03-01,2026-02-11,,yahoo_chart_adjclose,ok,39.742165,55.318832,,39.194309,closed_priced
GRO,WFRD,2024-03-01,1,revere_20240301.png,event,ADD,equal_weight_fallback,0.052632,0.007303,,,0,,,,,,,,,true,2026-09-10,2024-03-01,,2026-09-10,yahoo_chart_adjclose,ok,105.691864,,89.919998,-14.922498,open_priced
GRO,ERX,2024-05-17,1,revere_20240517.png,event,BUY,equal_weight_fallback,0.047619,0.014916,,,0,,,,,,,,,true,2026-09-10,2024-05-17,,2026-09-10,yahoo_chart_adjclose,ok,67.164322,,111.440002,65.921428,open_priced
GRO,IBIT,2024-05-17,1,revere_20240517.png,event,ADD,equal_weight_fallback,0.047619,0.010258,,,0,,,,,,,,,true,2026-09-10,2024-05-17,,2026-09-10,yahoo_chart_adjclose,ok,38.279999,,43.68,14.106586,open_priced
GRO,SMCI,2024-06-13,1,revere_20240613.png,event,BUY,equal_weight_fallback,0.045455,0.003898,,,0,,,,,,,,,true,2026-09-10,2024-06-13,,2026-09-10,yahoo_chart_adjclose,ok,87.110001,,37.380001,-57.088738,open_priced
GRO,FAS,2024-07-25,1,revere_20240725.png,event,BUY,equal_weight_fallback,0.043478,0.014666,,,0,,,,,,,,,true,2026-09-10,2024-07-25,,2026-09-10,yahoo_chart_adjclose,ok,101.833633,,170.669998,67.596886,open_priced
GRO,CAVA,2024-08-23,1,revere_20240823.png,event,BUY,equal_weight_fallback,0.04,0.003931,,,2,,2026-04-14,,,,,,,true,2026-09-10,2024-08-23,,2026-09-10,yahoo_chart_adjclose,ok,122,,54,-55.737705,open_priced
GRO,MIDU,2024-08-23,1,revere_20240823.png,event,BUY,equal_weight_fallback,0.04,0.010594,,,0,,,,,,,,,true,2026-09-10,2024-08-23,,2026-09-10,yahoo_chart_adjclose,ok,53.56958,,63.91,19.302783,open_priced
GRO,FLUT,2024-09-25,1,revere_20240925.png,event,ADD,equal_weight_fallback,0.038462,0.003726,,,1,,2024-09-25,,,,,,,true,2026-09-10,2024-09-25,,2026-09-10,yahoo_chart_adjclose,ok,239.860001,,98.68,-58.859335,open_priced
GRO,VRT,2024-12-02,1,revere_20241202.png,event,ADD,equal_weight_fallback,0.037037,0.020105,,,0,,,,,,,,,true,2026-09-10,2024-12-02,,2026-09-10,yahoo_chart_adjclose,ok,126.774704,,248.130005,95.72517,open_priced
GRO,GEV,2025-01-03,1,revere_20250103.png,event,ADD,equal_weight_fallback,0.032258,0.025877,,,1,,2026-03-05,,,,,,,true,2026-09-10,2025-01-03,,2026-09-10,yahoo_chart_adjclose,ok,352.805237,,923.909973,161.875357,open_priced
GRO,MRVL,2025-01-03,1,revere_20250103.png,event,BUY,equal_weight_fallback,0.032258,0,,,3,,2026-06-03,2026-06-23,1,revere_20260623.png,SELL,,,false,,2025-01-03,2026-06-23,,yahoo_chart_adjclose,ok,117.63884,278.971191,,137.142079,closed_priced
GRO,PLTR,2025-01-03,1,revere_20250103.png,event,ADD,equal_weight_fallback,0.032258,0.020515,,,9,,2026-09-10,,,,,,,true,2026-09-10,2025-01-03,,2026-09-10,yahoo_chart_adjclose,ok,79.889999,,165.860001,107.610468,open_priced
GRO,TWLO,2025-01-03,1,revere_20250103.png,event,BUY,equal_weight_fallback,0.032258,0,,,3,,2026-06-01,2026-07-17,1,revere_20260717.png,SELL,,,false,,2025-01-03,2026-07-17,,yahoo_chart_adjclose,ok,113.089996,206.779999,,82.845527,closed_priced
GRO,SNOW,2025-01-30,1,revere_20250130.png,event,ADD,equal_weight_fallback,0.03125,0,,,1,,2026-06-15,2026-06-18,1,revere_20260618.png,SELL,,,false,,2025-01-30,2026-06-18,,yahoo_chart_adjclose,ok,179.289993,232.289993,,29.561048,closed_priced
GRO,AFRM,2025-02-10,1,revere_20250210.png,event,BUY,equal_weight_fallback,0.030303,0.009263,,,0,,,,,,,,,true,2026-09-10,2025-02-10,,2026-09-10,yahoo_chart_adjclose,ok,77.75,,67.989998,-12.553057,open_priced
GRO,ARKG,2025-03-25,1,revere_20250325.png,event,,equal_weight_fallback,0.023256,0,,,0,,,2026-09-10,1,revere_20260910.png,SELL,,,false,,2025-03-25,2026-09-10,,yahoo_chart_adjclose,ok,23.49,45.380001,,93.188595,closed_priced
GRO,BACS,2025-03-25,1,revere_20250325.png,event,,equal_weight_fallback,0.023256,0.009159,,,0,,,,,,,,,true,2026-09-10,,,,yahoo_chart,network_error,,,,,open_unpriced
GRO,DASH,2025-03-25,1,revere_20250325.png,event,,equal_weight_fallback,0.023256,0,,,0,,,2025-10-16,1,revere_20251016.png,SELL,,,false,,2025-03-25,2025-10-16,,yahoo_chart_adjclose,ok,199.720001,266.670013,,33.521937,closed_priced
GRO,GLD,2025-03-25,1,revere_20250325.png,event,,equal_weight_fallback,0.023256,0,,,0,,,2026-02-11,1,revere_20260211.png,,,,false,,2025-03-25,2026-02-11,,yahoo_chart_adjclose,ok,278.470001,467.630005,,67.928324,closed_priced
GRO,HOOS,2025-03-25,1,revere_20250325.png,event,,equal_weight_fallback,0.023256,0.009159,,,1,,2026-03-24,,,,,,,true,2026-09-10,,,,yahoo_chart,network_error,,,,,open_unpriced
GRO,NFLX,2025-03-25,1,revere_20250325.png,event,,equal_weight_fallback,0.023256,0.006981,,,0,,,,,,,,,true,2026-09-10,2025-03-25,,2026-09-10,yahoo_chart_adjclose,ok,99.727997,,76.010002,-23.782685,open_priced
GRO,RBRX,2025-03-25,1,revere_20250325.png,event,,equal_weight_fallback,0.023256,0.009159,,,0,,,,,,,,,true,2026-09-10,,,,yahoo_chart,network_error,,,,,open_unpriced
GRO,SO,2025-03-25,1,revere_20250325.png,event,,equal_weight_fallback,0.023256,0.009619,,,1,,2026-03-18,,,,,,,true,2026-09-10,2025-03-25,,2026-09-10,yahoo_chart_adjclose,ok,83.554848,,87.75,5.020836,open_priced
GRO,SPLG,2025-03-25,1,revere_20250325.png,event,,equal_weight_fallback,0.023256,0,,,0,,,,,,,,,true,2026-09-10,2026-07-17,,2026-09-10,yahoo_chart_adjclose,ok_with_forward_fill,87.480003,,0,-100,open_priced
GRO,TGTH,2025-03-25,1,revere_20250325.png,event,,equal_weight_fallback,0.023256,0.009159,,,0,,,,,,,,,true,2026-09-10,,,,yahoo_chart,network_error,,,,,open_unpriced
GRO,HIMS,2025-06-06,1,revere_20250606.png,event,,equal_weight_fallback,0.020833,0.004813,,,0,,,,,,,,,true,2026-09-10,2025-06-06,,2026-09-10,yahoo_chart_adjclose,ok,56.330002,,27.440001,-51.287058,open_priced
GRO,HOOD,2025-06-06,1,revere_20250606.png,event,,equal_weight_fallback,0.020833,0,,,4,,2026-03-20,2026-06-24,1,revere_20260624.png,SELL,,,false,,2025-06-06,2026-06-24,,yahoo_chart_adjclose,ok,74.879997,97.190002,,29.794345,closed_priced
GRO,NVOA,2025-06-06,1,revere_20250606.png,event,,equal_weight_fallback,0.020833,0.00988,,,0,,,,,,,,,true,2026-09-10,,,,yahoo_chart,network_error,,,,,open_unpriced
GRO,SPOT,2025-06-06,1,revere_20250606.png,event,,equal_weight_fallback,0.020833,0.007237,,,0,,,,,,,,,true,2026-09-10,2025-06-06,,2026-09-10,yahoo_chart_adjclose,ok,712.26001,,521.72998,-26.750067,open_priced
GRO,UPRO,2025-06-06,1,revere_20250606.png,event,,equal_weight_fallback,0.020833,0,,,1,,2025-10-20,2026-01-16,1,revere_20260116.png,,,,false,,2025-06-06,2026-01-16,,yahoo_chart_adjclose,ok,82.542595,119.596352,,44.890468,closed_priced
TURBO,ETHA,2025-06-06,1,revere_20250606.png,baseline,,baseline_equal_weight,0.090909,0,,,3,,2026-07-28,2026-07-29,1,revere_20260729.png,SELL,,,false,,2025-06-06,2026-07-29,,yahoo_chart_adjclose,ok,18.809999,14.24,,-24.295583,closed_priced
TURBO,EWZ,2025-06-06,1,revere_20250606.png,baseline,,baseline_equal_weight,0.090909,0.014984,,,0,,,,,,,,,true,2026-09-10,2025-06-06,,2026-09-10,yahoo_chart_adjclose,ok,26.043489,,38.560001,48.060043,open_priced
TURBO,GEV,2025-06-06,1,revere_20250606.png,baseline,,baseline_equal_weight,0.090909,0,,,0,,,2025-09-03,1,revere_20250903.png,SELL,,,false,,2025-06-06,2025-09-03,,yahoo_chart_adjclose,ok,483.690643,575.732666,,19.02911,closed_priced
TURBO,HIMS,2025-06-06,1,revere_20250606.png,baseline,,baseline_equal_weight,0.090909,0.00493,,,0,,,,,,,,,true,2026-09-10,2025-06-06,,2026-09-10,yahoo_chart_adjclose,ok,56.330002,,27.440001,-51.287058,open_priced
TURBO,HOOD,2025-06-06,1,revere_20250606.png,baseline,,baseline_equal_weight,0.090909,0,,,2,,2025-09-05,2026-07-17,1,revere_20260717.png,SELL,,,false,,2025-06-06,2026-07-17,,yahoo_chart_adjclose,ok,74.879997,99.959999,,33.493594,closed_priced
TURBO,IBIT,2025-06-06,1,revere_20250606.png,baseline,,baseline_equal_weight,0.090909,0.00746,,,3,,2026-08-21,,,,,,,true,2026-09-10,2025-06-06,,2026-09-10,yahoo_chart_adjclose,ok,59.259998,,43.68,-26.290919,open_priced
TURBO,QLD,2025-06-06,1,revere_20250606.png,baseline,,baseline_equal_weight,0.090909,0.016395,,,0,,,,,,,,,true,2026-09-10,2025-06-06,,2026-09-10,yahoo_chart_adjclose,ok,54.333885,,88.019997,61.99835,open_priced
TURBO,RKLB,2025-06-06,1,revere_20250606.png,baseline,,baseline_equal_weight,0.090909,0,,,2,,2026-01-16,2026-02-04,1,revere_20260204.png,SELL,,,false,,2025-06-06,2026-02-04,,yahoo_chart_adjclose,ok,28.92,73.110001,,152.800833,closed_priced
TURBO,SPLG,2025-06-06,1,revere_20250606.png,baseline,,baseline_equal_weight,0.090909,0,,,0,,,,,,,,,true,2026-09-10,2026-07-17,,2026-09-10,yahoo_chart_adjclose,ok_with_forward_fill,87.480003,,0,-100,open_priced
TURBO,UBER,2025-06-06,1,revere_20250606.png,baseline,,baseline_equal_weight,0.090909,0.008579,,,0,,,,,,,,,true,2026-09-10,2025-06-06,,2026-09-10,yahoo_chart_adjclose,ok,85.599998,,72.559998,-15.233645,open_priced
TURBO,UPRO,2025-06-06,1,revere_20250606.png,baseline,,baseline_equal_weight,0.090909,0,,,0,,,2026-02-05,1,revere_20260205.png,SELL,,,false,,2025-06-06,2026-02-05,,yahoo_chart_adjclose,ok,82.542595,111.532333,,35.120943,closed_priced
GRO,AVAV,2025-07-14,1,revere_20250714.png,event,BUY,equal_weight_fallback,0.020408,0.005857,,,0,,,,,,,,,true,2026-09-10,2025-07-14,,2026-09-10,yahoo_chart_adjclose,ok,265,,147.070007,-44.501884,open_priced
TURBO,ASTS,2025-07-14,1,revere_20250714.png,event,ADD,equal_weight_fallback,0.083333,0.014491,,,0,,,,,,,,,true,2026-09-10,2025-07-14,,2026-09-10,yahoo_chart_adjclose,ok,47.860001,,59.91,25.177599,open_priced
GRO,NAIL,2025-09-03,1,revere_20250903.png,event,BUY,equal_weight_fallback,0.020408,0.003691,,,0,,,,,,,,,true,2026-09-10,2025-09-03,,2026-09-10,yahoo_chart_adjclose,ok,82.354218,,29.09,-64.676976,open_priced
TURBO,SOLT,2025-09-03,1,revere_20250903.png,event,BUY,equal_weight_fallback,0.083333,0.001348,,,0,,,,,,,,,true,2026-09-10,2025-09-03,,2026-09-10,yahoo_chart_adjclose,ok,491.527496,,54.970001,-88.816495,open_priced
TURBO,BABA,2025-09-04,1,revere_20250904.png,event,BUY,equal_weight_fallback,0.071429,0.009969,,,2,,2026-01-26,,,,,,,true,2026-09-10,2025-09-04,,2026-09-10,yahoo_chart_adjclose,ok,129.728577,,108.559998,-16.317591,open_priced
TURBO,TEM,2025-09-04,1,revere_20250904.png,event,BUY,equal_weight_fallback,0.071429,0,,,0,,,2026-09-10,1,revere_20260910.png,SELL,,,false,,2025-09-04,2026-09-10,,yahoo_chart_adjclose,ok,78.120003,58.740002,,-24.807988,closed_priced
GRO,MP,2025-09-26,1,revere_20250926.png,event,ADD,equal_weight_fallback,0.02,0.008045,,,1,,2025-10-13,,,,,,,true,2026-09-10,2025-09-26,,2026-09-10,yahoo_chart_adjclose,ok,68.629997,,51.32,-25.222203,open_priced
TURBO,ARKG,2025-10-15,1,revere_20251015.png,event,BUY,equal_weight_fallback,0.052632,0,,,0,,,2026-01-30,1,revere_20260130.png,SELL,,,false,,2025-10-15,2026-01-30,,yahoo_chart_adjclose,ok,32.27,30.43,,-5.70189,closed_priced
TURBO,FIG,2025-10-15,1,revere_20251015.png,event,BUY,equal_weight_fallback,0.052632,0,,,0,,,2025-10-16,1,revere_20251016.png,SELL,,,false,,2025-10-15,2025-10-16,,yahoo_chart_adjclose,ok,63.82,57.790001,,-9.448447,closed_priced
TURBO,GEV,2025-10-15,1,revere_20251015.png,event,ADD,equal_weight_fallback,0.052632,0,,,0,,,2025-10-16,1,revere_20251016.png,SELL,,,false,,2025-10-15,2025-10-16,,yahoo_chart_adjclose,ok,614.554565,600.636169,,-2.264794,closed_priced
TURBO,SERV,2025-10-15,1,revere_20251015.png,event,BUY,equal_weight_fallback,0.052632,0,,,0,,,2025-10-16,1,revere_20251016.png,SELL,,,false,,2025-10-15,2025-10-16,,yahoo_chart_adjclose,ok,17.51,15.44,,-11.821816,closed_priced
TURBO,SNDK,2025-10-15,1,revere_20251015.png,event,BUY,equal_weight_fallback,0.052632,0.168092,,,2,,2026-02-19,,,,,,,true,2026-09-10,2025-10-15,,2026-09-10,yahoo_chart_adjclose,ok,144.300003,,1692.589966,1072.965995,open_priced
GRO,TER,2025-10-29,1,revere_20251029.png,event,BUY,equal_weight_fallback,0.02,0.02405,,,10,,2026-04-09,,,,,,,true,2026-09-10,2025-10-29,,2026-09-10,yahoo_chart_adjclose,ok,173.603745,,370.190002,113.238489,open_priced
TURBO,TER,2025-10-29,1,revere_20251029.png,event,BUY,equal_weight_fallback,0.058824,0,,,0,,,2026-03-05,1,revere_20260305.png,,,,false,,2025-10-29,2026-03-05,,yahoo_chart_adjclose,ok,173.603745,305.347321,,75.88752,closed_priced
TURBO,MDB,2025-10-30,1,revere_20251030.png,event,BUY,equal_weight_fallback,0.052632,0.015077,,,0,,,,,,,,,true,2026-09-10,2025-10-30,,2026-09-10,yahoo_chart_adjclose,ok,347.540009,,373.869995,7.576102,open_priced
TURBO,PATH,2025-10-30,1,revere_20251030.png,event,BUY,equal_weight_fallback,0.052632,0.012249,,,0,,,,,,,,,true,2026-09-10,2025-10-30,,2026-09-10,yahoo_chart_adjclose,ok,15.87,,13.87,-12.602394,open_priced
GRO,SSO,2025-10-31,1,revere_20251031.png,event,ADD,equal_weight_fallback,0.019608,0.013171,,,5,,2026-02-19,,,,,,,true,2026-09-10,2025-10-31,,2026-09-10,yahoo_chart_adjclose,ok,58.025173,,68.5,18.052212,open_priced
TURBO,AMZN,2025-10-31,1,revere_20251031.png,event,BUY,equal_weight_fallback,0.05,0.014854,,,1,,2025-11-05,,,,,,,true,2026-09-10,2025-10-31,,2026-09-10,yahoo_chart_adjclose,ok,244.220001,,251.889999,3.14061,open_priced
GRO,CCJ,2025-11-05,1,revere_20251105.png,event,BUY,equal_weight_fallback,0.019231,0,,,1,,2026-01-05,2026-01-16,1,revere_20260116.png,,,,false,,2025-11-05,2026-01-16,,yahoo_chart_adjclose,ok,95.054916,116.440002,,22.497612,closed_priced
TURBO,LMND,2025-11-05,1,revere_20251105.png,event,BUY,equal_weight_fallback,0.045455,0.008691,,,0,,,,,,,,,true,2026-09-10,2025-11-05,,2026-09-10,yahoo_chart_adjclose,ok,78.730003,,49.610001,-36.987172,open_priced
TURBO,SOFI,2025-11-05,1,revere_20251105.png,event,BUY,equal_weight_fallback,0.045455,0.007894,,,0,,,,,,,,,true,2026-09-10,2025-11-05,,2026-09-10,yahoo_chart_adjclose,ok,30.07,,17.209999,-42.766881,open_priced
TURBO,GH,2025-11-19,1,revere_20251119.png,event,BUY,equal_weight_fallback,0.041667,0.01996,,,1,,2026-05-29,,,,,,,true,2026-09-10,2025-11-19,,2026-09-10,yahoo_chart_adjclose,ok,99.550003,,159.029999,59.748864,open_priced
TURBO,GLD,2025-11-19,1,revere_20251119.png,event,BUY,equal_weight_fallback,0.041667,0.013207,,,1,,2025-12-31,,,,,,,true,2026-09-10,2025-11-19,,2026-09-10,yahoo_chart_adjclose,ok,374.959991,,396.359985,5.707274,open_priced
TURBO,ALAB,2025-12-30,1,revere_20251230.png,event,BUY,equal_weight_fallback,0.04,0,,,0,,,2026-01-06,1,revere_20260106.png,SELL,,,false,,2025-12-30,2026-01-06,,yahoo_chart_adjclose,ok,170.839996,161.009995,,-5.753923,closed_priced
TURBO,RDDT,2026-01-02,1,revere_20260102.png,event,BUY,equal_weight_fallback,0.038462,0,,,0,,,2026-01-15,1,revere_20260115.png,SELL,,,false,,2026-01-02,2026-01-15,,yahoo_chart_adjclose,ok,241.889999,228.75,,-5.432221,closed_priced
TURBO,RKT,2026-01-05,1,revere_20260105.png,event,BUY,equal_weight_fallback,0.037037,0.008855,,,1,,2026-01-06,,,,,,,true,2026-09-10,2026-01-05,,2026-09-10,yahoo_chart_adjclose,ok,21.1,,13.19,-37.488152,open_priced
GRO,RKT,2026-01-06,1,revere_20260106.png,event,BUY,equal_weight_fallback,0.018868,0.006739,,,0,,,,,,,,,true,2026-09-10,2026-01-06,,2026-09-10,yahoo_chart_adjclose,ok,21.209999,,13.19,-37.81235,open_priced
GRO,SNDK,2026-01-06,1,revere_20260106.png,event,BUY,equal_weight_fallback,0.018868,0,,,1,,2026-01-08,2026-02-11,1,revere_20260211.png,,,,false,,2026-01-06,2026-02-11,,yahoo_chart_adjclose,ok,349.630005,599.340027,,71.421222,closed_priced
TURBO,BTU,2026-01-06,1,revere_20260106.png,event,BUY,equal_weight_fallback,0.034483,0,,,0,,,2026-02-04,1,revere_20260204.png,SELL,,,false,,2026-01-06,2026-02-04,,yahoo_chart_adjclose,ok,31.997824,34.714714,,8.490859,closed_priced
TURBO,VSCO,2026-01-06,1,revere_20260106.png,event,BUY,equal_weight_fallback,0.034483,0.014916,,,0,,,,,,,,,true,2026-09-10,,,,yahoo_chart,network_error,,,,,open_unpriced
TURBO,ZETA,2026-01-06,1,revere_20260106.png,event,BUY,equal_weight_fallback,0.034483,0,,,0,,,2026-01-14,1,revere_20260114.png,SELL,,,false,,2026-01-06,2026-01-14,,yahoo_chart_adjclose,ok,23.799999,22.290001,,-6.34453,closed_priced
GRO,BE,2026-01-08,1,revere_20260108.png,event,BUY,equal_weight_fallback,0.018519,0,,,3,,2026-02-12,2026-02-13,1,revere_20260213.png,SELL,,,false,,2026-01-08,2026-02-13,,yahoo_chart_adjclose,ok,121.839996,139.740005,,14.691406,closed_priced
TURBO,PYM,2026-01-08,1,revere_20260108.png,event,,equal_weight_fallback,0.032258,0.014626,,,0,,,,,,,,,true,2026-09-10,,,,yahoo_chart,no_market_data,,,,,open_unpriced
TURBO,SLY,2026-01-08,1,revere_20260108.png,event,,equal_weight_fallback,0.032258,0.014626,,,0,,,,,,,,,true,2026-09-10,2026-01-08,,2026-09-10,yahoo_chart_adjclose,ok,0,,0,,open_unpriced
GRO,APH,2026-01-12,1,revere_20260112.png,event,BUY,equal_weight_fallback,0.017857,0,,,2,,2026-01-28,2026-02-03,1,revere_20260203.png,SELL,,,false,,2026-01-12,2026-02-03,,yahoo_chart_adjclose,ok,72.302795,73.274414,,1.343819,closed_priced
GRO,TSLL,2026-01-12,1,revere_20260112.png,event,BUY,equal_weight_fallback,0.017857,0.005609,,,0,,,,,,,,,true,2026-09-10,2026-01-12,,2026-09-10,yahoo_chart_adjclose,ok,18.599466,,9.62,-48.278085,open_priced
TURBO,LABU,2026-01-14,1,revere_20260114.png,event,BUY,equal_weight_fallback,0.03125,0,,,0,,,2026-01-30,1,revere_20260130.png,SELL,,,false,,2026-01-14,2026-01-30,,yahoo_chart_adjclose,ok,176.710007,165.860001,,-6.140007,closed_priced
TURBO,LEU,2026-01-14,1,revere_20260114.png,event,BUY,equal_weight_fallback,0.03125,0.008149,,,3,,2026-05-29,,,,,,,true,2026-09-10,2026-01-14,,2026-09-10,yahoo_chart_adjclose,ok,307.570007,,165.869995,-46.070816,open_priced
GRO,FNGD,2026-01-16,1,revere_20260116.png,event,,equal_weight_fallback,0.017241,0.00534,,,0,,,,,,,,,true,2026-09-10,2026-01-16,,2026-09-10,yahoo_chart_adjclose,ok,55.599998,,27.620001,-50.323737,open_priced
GRO,LCI,2026-01-16,1,revere_20260116.png,event,,equal_weight_fallback,0.017241,0.01075,,,0,,,,,,,,,true,2026-09-10,,,,yahoo_chart,network_error,,,,,open_unpriced
GRO,LLY,2026-01-16,1,revere_20260116.png,event,,equal_weight_fallback,0.017241,0.011682,,,1,,2026-07-30,,,,,,,true,2026-09-10,2026-01-16,,2026-09-10,yahoo_chart_adjclose,ok,1033.407593,,1123,8.66961,open_priced
GRO,UPRD,2026-01-16,1,revere_20260116.png,event,,equal_weight_fallback,0.017241,0.01075,,,0,,,,,,,,,true,2026-09-10,,,,yahoo_chart,no_market_data,,,,,open_unpriced
GRO,RKLB,2026-01-22,1,revere_20260122.png,event,ADD,equal_weight_fallback,0.016667,0.007512,,,0,,,,,,,,,true,2026-09-10,2026-01-22,,2026-09-10,yahoo_chart_adjclose,ok,87.980003,,61.959999,-29.574907,open_priced
GRO,URSP,2026-01-22,1,revere_20260122.png,event,ADD,equal_weight_fallback,0.016667,0.011737,,,1,,2026-02-02,,,,,,,true,2026-09-10,2026-01-22,,2026-09-10,yahoo_chart_adjclose,ok,43.982285,,48.400002,10.04431,open_priced
TURBO,CRWD,2026-01-27,1,revere_20260127.png,event,BUY,equal_weight_fallback,0.030303,0.027178,,,0,,,,,,,,,true,2026-09-10,2026-01-27,,2026-09-10,yahoo_chart_adjclose,ok,119.165001,,208.860001,75.269584,open_priced
TURBO,FIGR,2026-01-27,1,revere_20260127.png,event,BUY,equal_weight_fallback,0.030303,0.009032,,,0,,,,,,,,,true,2026-09-10,2026-01-27,,2026-09-10,yahoo_chart_adjclose,ok,62.779999,,36.57,-41.748964,open_priced
TURBO,ENPH,2026-02-04,1,revere_20260204.png,event,BUY,equal_weight_fallback,0.033333,0,,,0,,,2026-02-05,1,revere_20260205.png,SELL,,,false,,2026-02-04,2026-02-05,,yahoo_chart_adjclose,ok,51.669998,47.27,,-8.515576,closed_priced
TURBO,COPX,2026-02-10,1,revere_20260210.png,event,ADD,equal_weight_fallback,0.033333,0,,,1,,2026-03-03,2026-03-05,1,revere_20260305.png,,,,false,,2026-02-10,2026-03-05,,yahoo_chart_adjclose,ok,87.93119,82.021278,,-6.721065,closed_priced
TURBO,ENPH,2026-02-10,1,revere_20260210.png,event,BUY,equal_weight_fallback,0.033333,0,,,0,,,2026-02-11,1,revere_20260211.png,SELL,,,false,,2026-02-10,2026-02-11,,yahoo_chart_adjclose,ok,50.25,48.23,,-4.0199,closed_priced
GRO,AVAB,2026-02-11,1,revere_20260211.png,event,,equal_weight_fallback,0.014706,0.010188,,,0,,,,,,,,,true,2026-09-10,,,,yahoo_chart,network_error,,,,,open_unpriced
GRO,GOOC,2026-02-11,1,revere_20260211.png,event,,equal_weight_fallback,0.014706,0.010188,,,0,,,,,,,,,true,2026-09-10,,,,yahoo_chart,network_error,,,,,open_unpriced
GRO,GOYA,2026-02-11,1,revere_20260211.png,event,,equal_weight_fallback,0.014706,0.010188,,,0,,,,,,,,,true,2026-09-10,,,,yahoo_chart,network_error,,,,,open_unpriced
GRO,ITB,2026-02-11,1,revere_20260211.png,event,,equal_weight_fallback,0.014706,0,,,1,,2026-02-23,2026-02-25,1,revere_20260225.png,SELL,,,false,,2026-02-11,2026-02-25,,yahoo_chart_adjclose,ok,112.400009,106.052589,,-5.64717,closed_priced
GRO,JIE,2026-02-11,1,revere_20260211.png,event,,equal_weight_fallback,0.014706,0.010188,,,0,,,,,,,,,true,2026-09-10,,,,yahoo_chart,no_market_data,,,,,open_unpriced
GRO,MU,2026-02-11,1,revere_20260211.png,event,,equal_weight_fallback,0.014706,0,,,2,,2026-03-02,2026-03-03,1,revere_20260303.png,SELL,,,false,,2026-02-11,2026-03-03,,yahoo_chart_adjclose,ok,410.104614,379.462189,,-7.471856,closed_priced
GRO,SHDK,2026-02-11,1,revere_20260211.png,event,,equal_weight_fallback,0.014706,0.010188,,,0,,,,,,,,,true,2026-09-10,,,,yahoo_chart,network_error,,,,,open_unpriced
GRO,SPVM,2026-02-11,1,revere_20260211.png,event,,equal_weight_fallback,0.014706,0,,,0,,,2026-06-09,1,revere_20260609.png,,,,false,,2026-02-11,2026-06-09,,yahoo_chart_adjclose,ok,71.492882,73.205299,,2.395227,closed_priced
GRO,TAN,2026-02-11,1,revere_20260211.png,event,,equal_weight_fallback,0.014706,0.008209,,,0,,,,,,,,,true,2026-09-10,2026-02-11,,2026-09-10,yahoo_chart_adjclose,ok,58.380001,,47.040001,-19.42446,open_priced
GRO,USAE,2026-02-11,1,revere_20260211.png,event,,equal_weight_fallback,0.014706,0,,,0,,,,,,,,,true,2026-09-10,2026-02-11,,2026-09-10,yahoo_chart_adjclose,ok,0,,0,,open_unpriced
GRO,XME,2026-02-11,1,revere_20260211.png,event,,equal_weight_fallback,0.014706,0,,,0,,,2026-02-12,1,revere_20260212.png,SELL,,,false,,2026-02-11,2026-02-12,,yahoo_chart_adjclose,ok,123.578827,116.528023,,-5.705511,closed_priced
GRO,XNAE,2026-02-11,1,revere_20260211.png,event,,equal_weight_fallback,0.014706,0.010188,,,0,,,,,,,,,true,2026-09-10,,,,yahoo_chart,network_error,,,,,open_unpriced
TURBO,DOCN,2026-02-13,1,revere_20260213.png,event,ADD,equal_weight_fallback,0.033333,0,,,0,,,2026-02-23,1,revere_20260223.png,SELL,,,false,,2026-02-13,2026-02-23,,yahoo_chart_adjclose,ok,68.160004,59.240002,,-13.086857,closed_priced
GRO,SPM,2026-02-19,1,revere_20260219.png,event,ADD,equal_weight_fallback,0.014925,0.010288,,,0,,,,,,,,,true,2026-09-10,,,,yahoo_chart,no_market_data,,,,,open_unpriced
GRO,TOL,2026-02-19,1,revere_20260219.png,event,ADD,equal_weight_fallback,0.014925,0.008538,,,0,,,,,,,,,true,2026-09-10,2026-02-19,,2026-09-10,yahoo_chart_adjclose,ok,159.622543,,132.479996,-17.004207,open_priced
GRO,SNDK,2026-02-24,1,revere_20260224.png,event,BUY,equal_weight_fallback,0.014706,0.02682,,,0,,,,,,,,,true,2026-09-10,2026-02-24,,2026-09-10,yahoo_chart_adjclose,ok,638.52002,,1692.589966,165.080172,open_priced
TURBO,F,2026-02-26,1,revere_20260226.png,event,,equal_weight_fallback,0.027778,0.013608,,,0,,,,,,,,,true,2026-09-10,2026-02-26,,2026-09-10,yahoo_chart_adjclose,ok,14.078152,,13.88,-1.407514,open_priced
TURBO,FSLY,2026-02-26,1,revere_20260226.png,event,,equal_weight_fallback,0.027778,0,,,0,,,2026-03-05,1,revere_20260305.png,,,,false,,2026-02-26,2026-03-05,,yahoo_chart_adjclose,ok,17.959999,20.440001,,13.808475,closed_priced
TURBO,FTAI,2026-02-26,1,revere_20260226.png,event,,equal_weight_fallback,0.027778,0.008062,,,0,,,,,,,,,true,2026-09-10,2026-02-26,,2026-09-10,yahoo_chart_adjclose,ok,308.309021,,180.089996,-41.587828,open_priced
TURBO,IL,2026-02-26,1,revere_20260226.png,event,,equal_weight_fallback,0.027778,0.013802,,,0,,,,,,,,,true,2026-09-10,,,,yahoo_chart,no_market_data,,,,,open_unpriced
TURBO,JIGE,2026-02-26,1,revere_20260226.png,event,,equal_weight_fallback,0.027778,0.013802,,,0,,,,,,,,,true,2026-09-10,,,,yahoo_chart,network_error,,,,,open_unpriced
TURBO,SPVM,2026-02-26,1,revere_20260226.png,event,,equal_weight_fallback,0.027778,0.014795,,,0,,,,,,,,,true,2026-09-10,2026-02-26,,2026-09-10,yahoo_chart_adjclose,ok,71.680931,,76.839996,7.197263,open_priced
TURBO,TOL,2026-02-26,1,revere_20260226.png,event,,equal_weight_fallback,0.027778,0,,,0,,,2026-03-02,1,revere_20260302.png,SELL,,,false,,2026-02-26,2026-03-02,,yahoo_chart_adjclose,ok,158.078125,153.723892,,-2.754482,closed_priced
TURBO,AVS,2026-03-05,1,revere_20260305.png,event,,equal_weight_fallback,0.027027,0,,,0,,,2026-03-06,1,revere_20260306.png,SELL,,,false,,2026-03-05,2026-03-06,,yahoo_chart_adjclose,ok,9.575164,9.637494,,0.650955,closed_priced
TURBO,CU,2026-03-05,1,revere_20260305.png,event,,equal_weight_fallback,0.027027,0.012897,,,0,,,,,,,,,true,2026-09-10,,,,yahoo_chart,no_market_data,,,,,open_unpriced
TURBO,RFSLY,2026-03-05,1,revere_20260305.png,event,,equal_weight_fallback,0.027027,0.012897,,,0,,,,,,,,,true,2026-09-10,,,,yahoo_chart,network_error,,,,,open_unpriced
TURBO,TE,2026-03-05,1,revere_20260305.png,event,,equal_weight_fallback,0.027027,0.008674,,,0,,,,,,,,,true,2026-09-10,2026-03-05,,2026-09-10,yahoo_chart_adjclose,ok,6.81,,4.58,-32.745962,open_priced
TURBO,TUREO,2026-03-05,1,revere_20260305.png,event,,equal_weight_fallback,0.027027,0.012897,,,0,,,,,,,,,true,2026-09-10,,,,yahoo_chart,network_error,,,,,open_unpriced
GRO,SOXL,2026-03-11,1,revere_20260311.png,event,BUY,equal_weight_fallback,0.014925,0,,,0,,,2026-03-12,1,revere_20260312.png,SELL,,,false,,2026-03-11,2026-03-12,,yahoo_chart_adjclose,ok,56.09,50.279999,,-10.358354,closed_priced
TURBO,INTC,2026-03-16,1,revere_20260316.png,event,BUY,equal_weight_fallback,0.027027,0,,,1,,2026-05-29,2026-06-01,1,revere_20260601.png,SELL,,,false,,2026-03-16,2026-06-01,,yahoo_chart_adjclose,ok,45.759998,109.330002,,138.920469,closed_priced
GRO,FSLY,2026-03-20,1,revere_20260320.png,event,ADD,equal_weight_fallback,0.014925,0.008921,,,3,,2026-04-08,,,,,,,true,2026-09-10,2026-03-20,,2026-09-10,yahoo_chart_adjclose,ok,25.200001,,22.709999,-9.88096,open_priced
TURBO,ARM,2026-04-07,1,revere_20260407.png,event,BUY,equal_weight_fallback,0.025641,0,,,6,,2026-05-29,2026-06-01,1,revere_20260601.png,SELL,,,false,,2026-04-07,2026-06-01,,yahoo_chart_adjclose,ok,143.860001,408.850006,,184.199919,closed_priced
TURBO,GLW,2026-04-07,1,revere_20260407.png,event,BUY,equal_weight_fallback,0.025641,0,,,4,,2026-05-29,2026-05-30,1,revere_20260530.png,SELL,,,false,,2026-04-07,2026-05-29,,yahoo_chart_adjclose,ok_with_previous_close,148.014023,180.819519,,22.163776,closed_priced
GRO,CAT,2026-04-13,1,revere_20260413.png,event,BUY,equal_weight_fallback,0.014286,0.010436,,,0,,,,,,,,,true,2026-09-10,2026-04-13,,2026-09-10,yahoo_chart_adjclose,ok,788.762329,,805,2.058627,open_priced
GRO,MU,2026-04-13,1,revere_20260413.png,event,BUY,equal_weight_fallback,0.014286,0,,,2,,2026-05-05,2026-09-10,1,revere_20260910.png,SELL,,,false,,2026-04-13,2026-09-10,,yahoo_chart_adjclose,ok,426.494415,977.409973,,129.172983,closed_priced
GRO,TPR,2026-04-13,1,revere_20260413.png,event,BUY,equal_weight_fallback,0.014286,0,,,0,,,2026-04-22,1,revere_20260422.png,SELL,,,false,,2026-04-13,2026-04-22,,yahoo_chart_adjclose,ok,148.978195,145.203339,,-2.533831,closed_priced
GRO,LITE,2026-04-14,1,revere_20260414.png,event,BUY,equal_weight_fallback,0.014085,0,,,0,,,2026-04-28,1,revere_20260428.png,SELL,,,false,,2026-04-14,2026-04-28,,yahoo_chart_adjclose,ok,852.789978,791.369995,,-7.20224,closed_priced
TURBO,BE,2026-04-14,1,revere_20260414.png,event,BUY,equal_weight_fallback,0.025,0,,,3,,2026-06-16,2026-06-26,1,revere_20260626.png,SELL,,,false,,2026-04-14,2026-06-26,,yahoo_chart_adjclose,ok,219.029999,252.020004,,15.061866,closed_priced
GRO,DRAM,2026-04-15,1,revere_20260415.png,event,BUY,equal_weight_fallback,0.013699,0,,,1,,2026-05-05,2026-05-18,1,revere_20260518.png,SELL,,,false,,2026-04-15,2026-05-18,,yahoo_chart_adjclose,ok,34.470001,49.32,,43.080936,closed_priced
GRO,GLW,2026-04-15,1,revere_20260415.png,event,BUY,equal_weight_fallback,0.013699,0,,,3,,2026-05-06,2026-05-12,1,revere_20260512.png,,,,false,,2026-04-15,2026-05-12,,yahoo_chart_adjclose,ok,167.696732,197.564636,,17.810666,closed_priced
TURBO,SATS,2026-04-15,1,revere_20260415.png,event,BUY,equal_weight_fallback,0.02439,0,,,0,,,2026-04-21,1,revere_20260421.png,SELL,,,false,,,,,yahoo_chart,network_error,,,,,closed_unpriced
TURBO,AMPX,2026-04-16,1,revere_20260416.png,event,BUY,equal_weight_fallback,0.023256,0,,,1,,2026-04-30,2026-05-07,1,revere_20260507.png,SELL,,,false,,2026-04-16,2026-05-07,,yahoo_chart_adjclose,ok,19.129999,16.110001,,-15.786713,closed_priced
TURBO,PL,2026-04-16,1,revere_20260416.png,event,BUY,equal_weight_fallback,0.023256,0,,,0,,,2026-04-27,1,revere_20260427.png,SELL,,,false,,2026-04-16,2026-04-27,,yahoo_chart_adjclose,ok,39.889999,35.450001,,-11.130604,closed_priced
TURBO,TALS,2026-04-17,1,revere_20260417.png,event,BUY,equal_weight_fallback,0.022727,0.014079,,,0,,,,,,,,,true,2026-09-10,,,,yahoo_chart,network_error,,,,,open_unpriced
TURBO,BEBE,2026-04-20,1,revere_20260420.png,event,BUY,equal_weight_fallback,0.022222,0.014152,,,0,,,,,,,,,true,2026-09-10,2026-04-20,,2026-09-10,yahoo_chart_adjclose,ok,9.91,,9.98,0.706357,open_priced
GRO,UPRO,2026-04-21,1,revere_20260421.png,event,ADD,equal_weight_fallback,0.013514,0.012515,,,5,,2026-07-29,,,,,,,true,2026-09-10,2026-04-21,,2026-09-10,yahoo_chart_adjclose,ok,121.8004,,144.5,18.63672,open_priced
TURBO,MU,2026-04-21,1,revere_20260421.png,event,BUY,equal_weight_fallback,0.022222,0,,,4,,2026-05-29,2026-06-09,1,revere_20260609.png,SELL,,,false,,2026-04-21,2026-06-09,,yahoo_chart_adjclose,ok,449.310913,935.746094,,108.26249,closed_priced
GRO,TNA,2026-04-22,1,revere_20260422.png,event,BUY,equal_weight_fallback,0.013514,0,,,3,,2026-05-13,2026-05-15,1,revere_20260515.png,SELL,,,false,,2026-04-22,2026-05-15,,yahoo_chart_adjclose,ok,60.467724,60.407795,,-0.099109,closed_priced
TURBO,CIFR,2026-04-22,1,revere_20260422.png,event,BUY,equal_weight_fallback,0.021739,0,,,0,,,2026-04-28,1,revere_20260428.png,SELL,,,false,,2026-04-22,2026-04-28,,yahoo_chart_adjclose,ok,19.440001,17.26,,-11.213996,closed_priced
TURBO,APLD,2026-04-23,1,revere_20260423.png,event,BUY,equal_weight_fallback,0.021277,0,,,0,,,2026-04-27,1,revere_20260427.png,SELL,,,false,,2026-04-23,2026-04-27,,yahoo_chart_adjclose,ok,36.349998,33.669998,,-7.372765,closed_priced
GRO,CC,2026-04-27,1,revere_20260427.png,event,BUY,equal_weight_fallback,0.013333,0.00619,,,0,,,,,,,,,true,2026-09-10,2026-04-27,,2026-09-10,yahoo_chart_adjclose,ok,26.234104,,15.07,-42.55569,open_priced
TURBO,ONDS,2026-04-27,1,revere_20260427.png,event,BUY,equal_weight_fallback,0.021277,0.009662,,,0,,,,,,,,,true,2026-09-10,2026-04-27,,2026-09-10,yahoo_chart_adjclose,ok,10.95,,7.25,-33.789954,open_priced
TURBO,REMX,2026-04-27,1,revere_20260427.png,event,BUY,equal_weight_fallback,0.021277,0,,,1,,2026-04-30,2026-05-14,1,revere_20260514.png,SELL,,,false,,2026-04-27,2026-05-14,,yahoo_chart_adjclose,ok,100.949997,99.849998,,-1.089647,closed_priced
GRO,NVDA,2026-04-28,1,revere_20260428.png,event,BUY,equal_weight_fallback,0.013333,0,,,1,,2026-05-04,2026-05-12,1,revere_20260512.png,,,,false,,2026-04-28,2026-05-12,,yahoo_chart_adjclose,ok,212.683853,220.276505,,3.569924,closed_priced
TURBO,TNA,2026-04-30,1,revere_20260430.png,event,BUY,equal_weight_fallback,0.020833,0,,,1,,2026-05-01,2026-05-19,1,revere_20260519.png,SELL,,,false,,2026-04-30,2026-05-19,,yahoo_chart_adjclose,ok,61.186863,57.421364,,-6.154097,closed_priced
TURBO,UPRO,2026-04-30,1,revere_20260430.png,event,ADD,equal_weight_fallback,0.020833,0,,,0,,,2026-07-08,1,revere_20260708.png,,,,false,,2026-04-30,2026-07-08,,yahoo_chart_adjclose,ok,128.894684,140.830002,,9.259744,closed_priced
TURBO,CRCL,2026-05-06,1,revere_20260506.png,event,ADD,equal_weight_fallback,0.02,0,,,0,,,2026-05-07,1,revere_20260507.png,SELL,,,false,,2026-05-06,2026-05-07,,yahoo_chart_adjclose,ok,121.800003,113.25,,-7.019707,closed_priced
TURBO,SOXS,2026-05-06,1,revere_20260506.png,event,BUY,equal_weight_fallback,0.02,0,,,1,,2026-06-24,2026-06-29,1,revere_20260629.png,SELL,,,false,,2026-05-06,2026-06-29,,yahoo_chart_adjclose,ok,1454.55542,37.200001,,-97.442517,closed_priced
GRO,ADO,2026-05-12,1,revere_20260512.png,event,,equal_weight_fallback,0.0125,0.011181,,,0,,,,,,,,,true,2026-09-10,,,,yahoo_chart,no_market_data,,,,,open_unpriced
GRO,AVDA,2026-05-12,1,revere_20260512.png,event,,equal_weight_fallback,0.0125,0.011181,,,0,,,,,,,,,true,2026-09-10,,,,yahoo_chart,no_market_data,,,,,open_unpriced
GRO,CCL,2026-05-12,1,revere_20260512.png,event,,equal_weight_fallback,0.0125,0.010225,,,0,,,,,,,,,true,2026-09-10,2026-05-12,,2026-09-10,yahoo_chart_adjclose,ok,24.570038,,22.469999,-8.547154,open_priced
GRO,ETHA,2026-05-12,1,revere_20260512.png,event,,equal_weight_fallback,0.0125,0.012037,,,0,,,,,,,,,true,2026-09-10,2026-05-12,,2026-09-10,yahoo_chart_adjclose,ok,17.24,,18.559999,7.656607,open_priced
GRO,GLI,2026-05-12,1,revere_20260512.png,event,,equal_weight_fallback,0.0125,0.011181,,,0,,,,,,,,,true,2026-09-10,,,,yahoo_chart,no_market_data,,,,,open_unpriced
GRO,SIMO,2026-05-12,1,revere_20260512.png,event,,equal_weight_fallback,0.0125,0.011487,,,0,,,,,,,,,true,2026-09-10,2026-05-12,,2026-09-10,yahoo_chart_adjclose,ok,258.185547,,265.25,2.736192,open_priced
GRO,TZA,2026-05-12,1,revere_20260512.png,event,,equal_weight_fallback,0.0125,0.010401,,,0,,,,,,,,,true,2026-09-10,2026-05-12,,2026-09-10,yahoo_chart_adjclose,ok,46.64225,,43.389999,-6.972758,open_priced
TURBO,SCCO,2026-05-12,1,revere_20260512.png,event,ADD,equal_weight_fallback,0.020408,0,,,0,,,2026-05-15,1,revere_20260515.png,SELL,,,false,,2026-05-12,2026-05-15,,yahoo_chart_adjclose,ok,185.596115,173.723511,,-6.397011,closed_priced
TURBO,NXT,2026-05-13,1,revere_20260513.png,event,BUY,equal_weight_fallback,0.02,0,,,0,,,2026-05-14,1,revere_20260514.png,SELL,,,false,,2026-05-13,2026-05-14,,yahoo_chart_adjclose,ok,136.369995,142.75,,4.678452,closed_priced
GRO,DOCN,2026-05-14,1,revere_20260514.png,event,BUY,equal_weight_fallback,0.012346,0,,,3,,2026-06-15,2026-06-22,1,revere_20260622.png,SELL,,,false,,2026-05-14,2026-06-22,,yahoo_chart_adjclose,ok,158.399994,166.240005,,4.949502,closed_priced
TURBO,SEDG,2026-05-19,1,revere_20260519.png,event,BUY,equal_weight_fallback,0.021277,0.011203,,,2,,2026-05-28,,,,,,,true,2026-09-10,2026-05-19,,2026-09-10,yahoo_chart_adjclose,ok,54.529999,,36.75,-32.605904,open_priced
TURBO,NBIS,2026-05-20,1,revere_20260520.png,event,BUY,equal_weight_fallback,0.020408,0,,,2,,2026-06-29,2026-07-01,1,revere_20260701.png,SELL,,,false,,2026-05-20,2026-07-01,,yahoo_chart_adjclose,ok,191.820007,229.179993,,19.476585,closed_priced
TURBO,SPXL,2026-05-20,1,revere_20260520.png,event,BUY,equal_weight_fallback,0.020408,0.016837,,,0,,,,,,,,,true,2026-09-10,2026-05-20,,2026-09-10,yahoo_chart_adjclose,ok,268.12973,,276.230011,3.021031,open_priced
TURBO,NOK,2026-05-21,1,revere_20260521.png,event,BUY,equal_weight_fallback,0.019608,0,,,0,,,2026-06-26,1,revere_20260626.png,SELL,,,false,,2026-05-21,2026-06-26,,yahoo_chart_adjclose,ok,14.18,13.01,,-8.251058,closed_priced
TURBO,TSLA,2026-05-21,1,revere_20260521.png,event,BUY,equal_weight_fallback,0.019608,0.014532,,,1,,2026-06-02,,,,,,,true,2026-09-10,2026-05-21,,2026-09-10,yahoo_chart_adjclose,ok,417.850006,,363.559998,-12.992702,open_priced
GRO,CSCO,2026-05-22,1,revere_20260522.png,event,BUY,equal_weight_fallback,0.0125,0.010154,,,0,,,,,,,,,true,2026-09-10,2026-05-22,,2026-09-10,yahoo_chart_adjclose,ok,119.961235,,107.440002,-10.437733,open_priced
TURBO,CRCL,2026-05-22,1,revere_20260522.png,event,BUY,equal_weight_fallback,0.018868,0,,,0,,,2026-05-26,1,revere_20260526.png,SELL,,,false,,2026-05-22,2026-05-26,,yahoo_chart_adjclose,ok,113.120003,104.169998,,-7.911956,closed_priced
TURBO,FLY,2026-05-22,1,revere_20260522.png,event,BUY,equal_weight_fallback,0.018868,0,,,0,,,2026-05-30,1,revere_20260530.png,SELL,,,false,,2026-05-22,2026-05-29,,yahoo_chart_adjclose,ok_with_previous_close,49.5,46.490002,,-6.080804,closed_priced
GRO,GH,2026-05-26,1,revere_20260526.png,event,BUY,equal_weight_fallback,0.012195,0,,,3,,2026-06-29,2026-07-08,1,revere_20260708.png,SELL,,,false,,2026-05-26,2026-07-08,,yahoo_chart_adjclose,ok,119.849998,156.169998,,30.304548,closed_priced
GRO,NBIS,2026-05-26,1,revere_20260526.png,event,BUY,equal_weight_fallback,0.012195,0.012474,,,4,,2026-08-18,,,,,,,true,2026-09-10,2026-05-26,,2026-09-10,yahoo_chart_adjclose,ok,208.059998,,228.110001,9.636645,open_priced
GRO,LABU,2026-05-28,1,revere_20260528.png,event,BUY,equal_weight_fallback,0.012048,0,,,0,,,2026-06-02,1,revere_20260602.png,SELL,,,false,,2026-05-28,2026-06-02,,yahoo_chart_adjclose,ok,191.660004,158.160004,,-17.478868,closed_priced
GRO,INTC,2026-05-30,1,revere_20260530.png,event,BUY,equal_weight_fallback,0.011905,0,,,0,,,2026-06-03,1,revere_20260603.png,SELL,,,false,,2026-05-29,2026-06-03,,yahoo_chart_adjclose,ok_with_previous_close,114.68,112.709999,,-1.717824,closed_priced
TURBO,DOCN,2026-05-30,1,revere_20260530.png,event,BUY,equal_weight_fallback,0.019608,0.015313,,,0,,,,,,,,,true,2026-09-10,2026-05-29,,2026-09-10,yahoo_chart_adjclose,ok_with_previous_close,155.949997,,131.050003,-15.966652,open_priced
TURBO,COPX,2026-06-01,1,revere_20260601.png,event,BUY,equal_weight_fallback,0.019231,0.018009,,,0,,,,,,,,,true,2026-09-10,2026-06-01,,2026-09-10,yahoo_chart_adjclose,ok,89.75499,,88.610001,-1.275683,open_priced
TURBO,IREN,2026-06-01,1,revere_20260601.png,event,BUY,equal_weight_fallback,0.019231,0.012185,,,1,,2026-06-02,,,,,,,true,2026-09-10,2026-06-01,,2026-09-10,yahoo_chart_adjclose,ok,65.330002,,43.639999,-33.200677,open_priced
TURBO,USAR,2026-06-01,1,revere_20260601.png,event,BUY,equal_weight_fallback,0.019231,0,,,0,,,2026-06-04,1,revere_20260604.png,SELL,,,false,,2026-06-01,2026-06-04,,yahoo_chart_adjclose,ok,29.43,27.1,,-7.917091,closed_priced
TURBO,AEHR,2026-06-02,1,revere_20260602.png,event,BUY,equal_weight_fallback,0.018868,0.014922,,,0,,,,,,,,,true,2026-09-10,2026-06-02,,2026-09-10,yahoo_chart_adjclose,ok,113,,93.809998,-16.982303,open_priced
GRO,LLYX,2026-06-03,1,revere_20260603.png,event,ADD,equal_weight_fallback,0.012048,0.011895,,,1,,2026-07-14,,,,,,,true,2026-09-10,2026-06-03,,2026-09-10,yahoo_chart_adjclose,ok,22.99,,23.309999,1.391905,open_priced
GRO,COPX,2026-06-04,1,revere_20260604.png,event,BUY,equal_weight_fallback,0.011628,0.011523,,,0,,,,,,,,,true,2026-09-10,2026-06-04,,2026-09-10,yahoo_chart_adjclose,ok,89.914452,,88.610001,-1.450769,open_priced
GRO,PICK,2026-06-04,1,revere_20260604.png,event,BUY,equal_weight_fallback,0.011628,0,,,1,,2026-08-28,2026-08-31,1,revere_20260831.png,SELL,,,false,,2026-06-04,2026-08-31,,yahoo_chart_adjclose,ok,66.104843,65.199997,,-1.368804,closed_priced
GRO,SOXL,2026-06-04,1,revere_20260604.png,event,BUY,equal_weight_fallback,0.011628,0,,,2,,2026-07-13,2026-08-18,1,revere_20260818.png,SELL,,,false,,2026-06-04,2026-08-18,,yahoo_chart_adjclose,ok,262.700012,129.100006,,-50.85649,closed_priced
TURBO,SNOW,2026-06-04,1,revere_20260604.png,event,BUY,equal_weight_fallback,0.018868,0,,,3,,2026-06-17,2026-06-18,1,revere_20260618.png,SELL,,,false,,2026-06-04,2026-06-18,,yahoo_chart_adjclose,ok,244.179993,232.289993,,-4.869359,closed_priced
GRO,GNRC,2026-06-09,1,revere_20260609.png,event,,equal_weight_fallback,0.011494,0,,,0,,,2026-06-10,1,revere_20260610.png,SELL,,,false,,2026-06-09,2026-06-10,,yahoo_chart_adjclose,ok,260.98999,239.110001,,-8.383459,closed_priced
GRO,SPYM,2026-06-09,1,revere_20260609.png,event,,equal_weight_fallback,0.011494,0.01144,,,0,,,,,,,,,true,2026-09-10,2026-06-09,,2026-09-10,yahoo_chart_adjclose,ok,86.521225,,89.209999,3.107647,open_priced
GRO,CRDO,2026-06-12,1,revere_20260612.png,event,BUY,equal_weight_fallback,0.011236,0.007249,,,1,,2026-06-22,,,,,,,true,2026-09-10,2026-06-12,,2026-09-10,yahoo_chart_adjclose,ok,250.809998,,160.309998,-36.083091,open_priced
GRO,FTNT,2026-06-12,1,revere_20260612.png,event,BUY,equal_weight_fallback,0.011236,0,,,2,,2026-07-21,2026-07-22,1,revere_20260722.png,SELL,,,false,,2026-06-12,2026-07-22,,yahoo_chart_adjclose,ok,146.300003,155.050003,,5.980861,closed_priced
GRO,VIAV,2026-06-12,1,revere_20260612.png,event,BUY,equal_weight_fallback,0.011236,0.007934,,,1,,2026-06-15,,,,,,,true,2026-09-10,2026-06-12,,2026-09-10,yahoo_chart_adjclose,ok,53.459999,,37.400002,-30.041147,open_priced
TURBO,MRVL,2026-06-12,1,revere_20260612.png,event,BUY,equal_weight_fallback,0.018519,0,,,0,,,2026-06-24,1,revere_20260624.png,SELL,,,false,,2026-06-12,2026-06-24,,yahoo_chart_adjclose,ok,279.631012,276.631775,,-1.07257,closed_priced
TURBO,VIAV,2026-06-12,1,revere_20260612.png,event,BUY,equal_weight_fallback,0.018519,0,,,0,,,2026-06-17,1,revere_20260617.png,SELL,,,false,,2026-06-12,2026-06-17,,yahoo_chart_adjclose,ok,53.459999,48.73,,-8.847735,closed_priced
GRO,BE,2026-06-15,1,revere_20260615.png,event,BUY,equal_weight_fallback,0.010989,0,,,2,,2026-06-22,2026-06-25,1,revere_20260625.png,SELL,,,false,,2026-06-15,2026-06-25,,yahoo_chart_adjclose,ok,274.5,309.179993,,12.633877,closed_priced
GRO,WGMI,2026-06-15,1,revere_20260615.png,event,BUY,equal_weight_fallback,0.010989,0.007698,,,1,,2026-06-16,,,,,,,true,2026-09-10,2026-06-15,,2026-09-10,yahoo_chart_adjclose,ok,69.010002,,45.580002,-33.9516,open_priced
GRO,INTC,2026-06-16,1,revere_20260616.png,event,BUY,equal_weight_fallback,0.01087,0,,,3,,2026-06-25,2026-06-29,1,revere_20260629.png,SELL,,,false,,2026-06-16,2026-06-29,,yahoo_chart_adjclose,ok,117.050003,131.720001,,12.533103,closed_priced
GRO,DELL,2026-06-29,1,revere_20260629.png,event,BUY,equal_weight_fallback,0.011111,0,,,0,,,2026-07-02,1,revere_20260702.png,SELL,,,false,,2026-06-29,2026-07-02,,yahoo_chart_adjclose,ok,413.925995,393.669495,,-4.893749,closed_priced
GRO,FLEX,2026-06-29,1,revere_20260629.png,event,BUY,equal_weight_fallback,0.011111,0.008057,,,1,,2026-06-30,,,,,,,true,2026-09-10,2026-06-29,,2026-09-10,yahoo_chart_adjclose,ok,159.559998,,108.010002,-32.307594,open_priced
GRO,MRVL,2026-06-29,1,revere_20260629.png,event,BUY,equal_weight_fallback,0.011111,0,,,1,,2026-06-30,2026-07-01,1,revere_20260701.png,SELL,,,false,,2026-06-29,2026-07-01,,yahoo_chart_adjclose,ok,277.681488,271.98288,,-2.05221,closed_priced
GRO,STM,2026-06-29,1,revere_20260629.png,event,BUY,equal_weight_fallback,0.011111,0,,,1,,2026-06-30,2026-07-01,1,revere_20260701.png,SELL,,,false,,2026-06-29,2026-07-01,,yahoo_chart_adjclose,ok,74.790001,70.720001,,-5.441904,closed_priced
TURBO,STM,2026-06-29,1,revere_20260629.png,event,BUY,equal_weight_fallback,0.020408,0.012668,,,0,,,,,,,,,true,2026-09-10,2026-06-29,,2026-09-10,yahoo_chart_adjclose,ok,74.790001,,50.740002,-32.156704,open_priced
GRO,GLW,2026-07-01,1,revere_20260701.png,event,BUY,equal_weight_fallback,0.011236,0,,,0,,,2026-07-02,1,revere_20260702.png,SELL,,,false,,2026-07-01,2026-07-02,,yahoo_chart_adjclose,ok,220.215347,196.420135,,-10.805429,closed_priced
GRO,INTC,2026-07-02,1,revere_20260702.png,event,BUY,equal_weight_fallback,0.011364,0,,,0,,,2026-07-07,1,revere_20260707.png,SELL,,,false,,2026-07-02,2026-07-07,,yahoo_chart_adjclose,ok,120.349998,110.389999,,-8.275861,closed_priced
GRO,DELL,2026-07-07,1,revere_20260707.png,event,BUY,equal_weight_fallback,0.011364,0.014194,,,1,,2026-07-09,,,,,,,true,2026-09-10,2026-07-07,,2026-09-10,yahoo_chart_adjclose,ok,416.591583,,506.619995,21.610713,open_priced
TURBO,FCEL,2026-07-07,1,revere_20260707.png,event,BUY,equal_weight_fallback,0.020408,0,,,0,,,2026-07-08,1,revere_20260708.png,,,,false,,2026-07-07,2026-07-08,,yahoo_chart_adjclose,ok,25.959999,22.540001,,-13.174107,closed_priced
GRO,HOOD,2026-07-08,1,revere_20260708.png,event,BUY,equal_weight_fallback,0.011364,0,,,2,,2026-07-14,2026-07-16,1,revere_20260716.png,SELL,,,false,,2026-07-08,2026-07-16,,yahoo_chart_adjclose,ok,113.529999,106.019997,,-6.614993,closed_priced
TURBO,DRAM,2026-07-08,1,revere_20260708.png,event,,equal_weight_fallback,0.019608,0,,,0,,,2026-07-15,1,revere_20260715.png,SELL,,,false,,2026-07-08,2026-07-15,,yahoo_chart_adjclose,ok,62.040001,57.400002,,-7.479044,closed_priced
TURBO,RDOT,2026-07-08,1,revere_20260708.png,event,,equal_weight_fallback,0.019608,0.016996,,,1,,2026-07-09,,,,,,,true,2026-09-10,,,,yahoo_chart,network_error,,,,,open_unpriced
TURBO,SMC,2026-07-08,1,revere_20260708.png,event,,equal_weight_fallback,0.019608,0.01873,,,0,,,,,,,,,true,2026-09-10,2026-07-08,,2026-09-10,yahoo_chart_adjclose,ok,31.059999,,34.23,10.206056,open_priced
TURBO,UPAO,2026-07-08,1,revere_20260708.png,event,,equal_weight_fallback,0.019608,0.016996,,,0,,,,,,,,,true,2026-09-10,,,,yahoo_chart,network_error,,,,,open_unpriced
GRO,AMD,2026-07-09,1,revere_20260709.png,event,BUY,equal_weight_fallback,0.011236,0,,,0,,,2026-07-27,1,revere_20260727.png,SELL,,,false,,2026-07-09,2026-07-27,,yahoo_chart_adjclose,ok,546.719971,494.950012,,-9.469191,closed_priced
TURBO,UPRO,2026-07-09,1,revere_20260709.png,event,ADD,equal_weight_fallback,0.019231,0.017142,,,2,,2026-08-18,,,,,,,true,2026-09-10,2026-07-09,,2026-09-10,yahoo_chart_adjclose,ok,144.389999,,144.5,0.076183,open_priced
TURBO,AMD,2026-07-21,1,revere_20260721.png,event,BUY,equal_weight_fallback,0.019608,0,,,0,,,2026-07-27,1,revere_20260727.png,SELL,,,false,,2026-07-21,2026-07-27,,yahoo_chart_adjclose,ok,544.429993,494.950012,,-9.088401,closed_priced
GRO,HPE,2026-07-22,1,revere_20260722.png,event,BUY,equal_weight_fallback,0.011494,0,,,3,,2026-08-14,2026-08-19,1,revere_20260819.png,SELL,,,false,,2026-07-22,2026-08-19,,yahoo_chart_adjclose,ok,48.130001,53.130001,,10.388531,closed_priced
TURBO,OOOG,2026-08-03,1,revere_20260803.png,event,,equal_weight_fallback,0.02,0.016003,,,0,,,,,,,,,true,2026-09-10,,,,yahoo_chart,network_error,,,,,open_unpriced
GRO,OKTA,2026-08-04,1,revere_20260804.png,event,BUY,equal_weight_fallback,0.011494,0,,,2,,2026-08-14,2026-08-17,1,revere_20260817.png,SELL,,,false,,2026-08-04,2026-08-17,,yahoo_chart_adjclose,ok,147.820007,143.240005,,-3.098364,closed_priced
GRO,VLO,2026-08-05,1,revere_20260805.png,event,,equal_weight_fallback,0.011364,0.014623,,,0,,,,,,,,,true,2026-09-10,2026-08-05,,2026-09-10,yahoo_chart_adjclose,ok,302.390015,,385.429993,27.461217,open_priced
GRO,SPXL,2026-08-07,1,revere_20260807.png,event,BUY,equal_weight_fallback,0.011236,0,,,1,,2026-09-01,2026-09-02,1,revere_20260902.png,SELL,,,false,,2026-08-07,2026-09-02,,yahoo_chart_adjclose,ok,296.329987,285.070007,,-3.799811,closed_priced
GRO,AMZU,2026-08-10,1,revere_20260810.png,event,BUY,equal_weight_fallback,0.011111,0.009096,,,0,,,,,,,,,true,2026-09-10,2026-08-10,,2026-09-10,yahoo_chart_adjclose,ok,43.540001,,35.25,-19.039965,open_priced
GRO,TWLO,2026-08-11,1,revere_20260811.png,event,BUY,equal_weight_fallback,0.010989,0,,,0,,,2026-08-17,1,revere_20260817.png,SELL,,,false,,2026-08-11,2026-08-17,,yahoo_chart_adjclose,ok,255.949997,228.610001,,-10.681772,closed_priced
TURBO,FCX,2026-08-11,1,revere_20260811.png,event,BUY,equal_weight_fallback,0.019608,0,,,1,,2026-08-12,2026-09-02,1,revere_20260902.png,,,,false,,2026-08-11,2026-09-02,,yahoo_chart_adjclose,ok,68.870003,73.93,,7.347171,closed_priced
GRO,APH,2026-08-12,1,revere_20260812.png,event,BUY,equal_weight_fallback,0.010753,0,,,0,,,2026-08-18,1,revere_20260818.png,SELL,,,false,,2026-08-12,2026-08-18,,yahoo_chart_adjclose,ok,84.980003,79.785004,,-6.113202,closed_priced
GRO,ITE,2026-08-12,1,revere_20260812.png,event,BUY,equal_weight_fallback,0.010753,0.010969,,,0,,,,,,,,,true,2026-09-10,2026-08-12,,2026-09-10,yahoo_chart_adjclose,ok,27.995733,,27.65,-1.234949,open_priced
GRO,RBRK,2026-08-13,1,revere_20260813.png,event,BUY,equal_weight_fallback,0.010638,0,,,1,,2026-08-19,2026-08-25,1,revere_20260825.png,SELL,,,false,,2026-08-13,2026-08-25,,yahoo_chart_adjclose,ok,105.089996,92.650002,,-11.837467,closed_priced
TURBO,RBRK,2026-08-13,1,revere_20260813.png,event,BUY,equal_weight_fallback,0.018868,0,,,0,,,2026-08-21,1,revere_20260821.png,SELL,,,false,,2026-08-13,2026-08-21,,yahoo_chart_adjclose,ok,105.089996,100.089996,,-4.757827,closed_priced
TURBO,TWLO,2026-08-13,1,revere_20260813.png,event,BUY,equal_weight_fallback,0.018868,0,,,0,,,2026-08-17,1,revere_20260817.png,SELL,,,false,,2026-08-13,2026-08-17,,yahoo_chart_adjclose,ok,249.419998,228.610001,,-8.343355,closed_priced
GRO,IO,2026-08-14,1,revere_20260814.png,event,ADD,equal_weight_fallback,0.010526,0.011107,,,0,,,,,,,,,true,2026-09-10,,,,yahoo_chart,network_error,,,,,open_unpriced
TURBO,SACK,2026-08-14,1,revere_20260814.png,event,BUY,equal_weight_fallback,0.018519,0.01624,,,0,,,,,,,,,true,2026-09-10,,,,yahoo_chart,network_error,,,,,open_unpriced
GRO,CBRS,2026-08-17,1,revere_20260817.png,event,BUY,equal_weight_fallback,0.010638,0,,,0,,,2026-08-18,1,revere_20260818.png,SELL,,,false,,2026-08-17,2026-08-18,,yahoo_chart_adjclose,ok,251.979996,220.009995,,-12.687515,closed_priced
TURBO,GEV,2026-08-17,1,revere_20260817.png,event,BUY,equal_weight_fallback,0.018182,0,,,0,,,2026-08-18,1,revere_20260818.png,SELL,,,false,,2026-08-17,2026-08-18,,yahoo_chart_adjclose,ok,1079,1004.530029,,-6.901758,closed_priced
TURBO,LITE,2026-08-17,1,revere_20260817.png,event,BUY,equal_weight_fallback,0.018182,0,,,0,,,2026-08-18,1,revere_20260818.png,SELL,,,false,,2026-08-17,2026-08-18,,yahoo_chart_adjclose,ok,968.900024,873.309998,,-9.86583,closed_priced
GRO,MRNA,2026-08-19,1,revere_20260819.png,event,BUY,equal_weight_fallback,0.010989,0,,,1,,2026-08-20,2026-08-26,1,revere_20260826.png,SELL,,,false,,2026-08-19,2026-08-26,,yahoo_chart_adjclose,ok,174.380005,149.660004,,-14.175938,closed_priced
TURBO,CHYM,2026-08-20,1,revere_20260820.png,event,,equal_weight_fallback,0.017857,0.016269,,,3,,2026-08-28,,,,,,,true,2026-09-10,2026-08-20,,2026-09-10,yahoo_chart_adjclose,ok,31.950001,,32.669998,2.253512,open_priced
TURBO,ETHA,2026-08-20,1,revere_20260820.png,event,,equal_weight_fallback,0.017857,0,,,1,,2026-08-20,2026-09-02,1,revere_20260902.png,,,,false,,2026-08-20,2026-09-02,,yahoo_chart_adjclose,ok,17.549999,18.049999,,2.849003,closed_priced
TURBO,MRNA,2026-08-20,1,revere_20260820.png,event,,equal_weight_fallback,0.017857,0,,,2,,2026-08-21,2026-09-08,1,revere_20260908.png,SELL,,,false,,2026-08-20,2026-09-08,,yahoo_chart_adjclose,ok,133.320007,140.330002,,5.258022,closed_priced
TURBO,PLTR,2026-08-21,1,revere_20260821.png,event,BUY,equal_weight_fallback,0.017857,0,,,0,,,2026-09-02,1,revere_20260902.png,SELL,,,false,,2026-08-21,2026-09-02,,yahoo_chart_adjclose,ok,179.940002,169.460007,,-5.824161,closed_priced
TURBO,FIG,2026-08-25,1,revere_20260825.png,event,BUY,equal_weight_fallback,0.017544,0.012887,,,0,,,,,,,,,true,2026-09-10,2026-08-25,,2026-09-10,yahoo_chart_adjclose,ok,27.27,,22.139999,-18.811885,open_priced
TURBO,HNGE,2026-08-26,1,revere_20260826.png,event,BUY,equal_weight_fallback,0.017241,0.015455,,,0,,,,,,,,,true,2026-09-10,2026-08-26,,2026-09-10,yahoo_chart_adjclose,ok,90.5,,88.260002,-2.475136,open_priced
GRO,FROG,2026-08-27,1,revere_20260827.png,event,BUY,equal_weight_fallback,0.010989,0,,,1,,2026-08-28,2026-09-01,1,revere_20260901.png,SELL,,,false,,2026-08-27,2026-09-01,,yahoo_chart_adjclose,ok,104.029999,91.779999,,-11.77545,closed_priced
GRO,NVDA,2026-08-27,1,revere_20260827.png,event,BUY,equal_weight_fallback,0.010989,0,,,0,,,2026-08-28,1,revere_20260828.png,SELL,,,false,,2026-08-27,2026-08-28,,yahoo_chart_adjclose,ok,227.725174,217.306839,,-4.57496,closed_priced
TURBO,CRM,2026-08-27,1,revere_20260827.png,event,BUY,equal_weight_fallback,0.016667,0.015529,,,0,,,,,,,,,true,2026-09-10,2026-08-27,,2026-09-10,yahoo_chart_adjclose,ok,252.050003,,243,-3.590559,open_priced
TURBO,ZETA,2026-08-27,1,revere_20260827.png,event,BUY,equal_weight_fallback,0.016667,0,,,0,,,2026-09-02,1,revere_20260902.png,SELL,,,false,,2026-08-27,2026-09-02,,yahoo_chart_adjclose,ok,30.219999,30.440001,,0.728001,closed_priced
TURBO,HOOD,2026-09-01,1,revere_20260901.png,event,BUY,equal_weight_fallback,0.016393,0.017216,,,0,,,,,,,,,true,2026-09-10,2026-09-01,,2026-09-10,yahoo_chart_adjclose,ok,103.510002,,113.330002,9.487006,open_priced
TURBO,FOL,2026-09-02,1,revere_20260902.png,event,,equal_weight_fallback,0.016129,0.015743,,,0,,,,,,,,,true,2026-09-10,,,,yahoo_chart,no_market_data,,,,,open_unpriced
TURBO,SPOX,2026-09-02,1,revere_20260902.png,event,,equal_weight_fallback,0.016129,0.015743,,,0,,,,,,,,,true,2026-09-10,,,,yahoo_chart,network_error,,,,,open_unpriced
TURBO,SYM,2026-09-02,1,revere_20260902.png,event,,equal_weight_fallback,0.016129,0.016229,,,0,,,,,,,,,true,2026-09-10,2026-09-02,,2026-09-10,yahoo_chart_adjclose,ok,39.869999,,41.099998,3.085024,open_priced
TURBO,TER,2026-09-02,1,revere_20260902.png,event,,equal_weight_fallback,0.016129,0.017066,,,0,,,,,,,,,true,2026-09-10,2026-09-02,,2026-09-10,yahoo_chart_adjclose,ok,341.488831,,370.190002,8.404717,open_priced
TURBO,THA,2026-09-02,1,revere_20260902.png,event,,equal_weight_fallback,0.016129,0.015743,,,0,,,,,,,,,true,2026-09-10,,,,yahoo_chart,no_market_data,,,,,open_unpriced
GRO,QLD,2026-09-03,1,revere_20260903.png,event,BUY,equal_weight_fallback,0.011364,0.011207,,,0,,,,,,,,,true,2026-09-10,2026-09-03,,2026-09-10,yahoo_chart_adjclose,ok,90.379997,,88.019997,-2.611197,open_priced
TURBO,PURR,2026-09-03,1,revere_20260903.png,event,BUY,equal_weight_fallback,0.015873,0,,,0,,,2026-09-10,1,revere_20260910.png,SELL,,,false,,2026-09-03,2026-09-10,,yahoo_chart_adjclose,ok,12.77,11.01,,-13.782302,closed_priced
GRO,OKTA,2026-09-04,1,revere_20260904.png,event,BUY,equal_weight_fallback,0.011236,0.011491,,,0,,,,,,,,,true,2026-09-10,2026-09-04,,2026-09-10,yahoo_chart_adjclose,ok,170.600006,,171.110001,0.298942,open_priced
GRO,CF,2026-09-08,1,revere_20260908.png,event,BUY,equal_weight_fallback,0.011111,0.01144,,,0,,,,,,,,,true,2026-09-10,2026-09-08,,2026-09-10,yahoo_chart_adjclose,ok,134.330002,,135.110001,0.580659,open_priced
